{"packages":{"laravel/laravel":{"5.0.x-dev":{"name":"laravel/laravel","description":"The Laravel Framework.","keywords":["framework","laravel"],"homepage":"","version":"5.0.x-dev","version_normalized":"5.0.9999999.9999999-dev","license":["MIT"],"authors":[],"source":{"type":"git","url":"https://github.com/laravel/laravel.git","reference":"6df868a123a8445de1aceba1349c550b1247aff0"},"dist":{"type":"zip","url":"https://api.github.com/repos/laravel/laravel/zipball/6df868a123a8445de1aceba1349c550b1247aff0","reference":"6df868a123a8445de1aceba1349c550b1247aff0","shasum":""},"type":"project","time":"2015-06-08T03:28:19+00:00","autoload":{"classmap":["database"],"psr-4":{"App\\":"app/"}},"require":{"laravel/framework":"5.0.*"},"require-dev":{"phpunit/phpunit":"~4.0","phpspec/phpspec":"~2.1"},"uid":428536},"5.1.x-dev":{"name":"laravel/laravel","description":"The Laravel Framework.","keywords":["framework","laravel"],"homepage":"","version":"5.1.x-dev","version_normalized":"5.1.9999999.9999999-dev","license":["MIT"],"authors":[],"source":{"type":"git","url":"https://github.com/laravel/laravel.git","reference":"2c834ad59c63535ea6e22c659ede67c0ddce1874"},"dist":{"type":"zip","url":"https://api.github.com/repos/laravel/laravel/zipball/2c834ad59c63535ea6e22c659ede67c0ddce1874","reference":"2c834ad59c63535ea6e22c659ede67c0ddce1874","shasum":""},"type":"project","time":"2016-04-15T21:49:14+00:00","autoload":{"classmap":["database"],"psr-4":{"App\\":"app/"}},"require":{"php":">=5.5.9","laravel/framework":"5.1.*"},"require-dev":{"fzaninotto/faker":"~1.4","mockery/mockery":"0.9.*","phpunit/phpunit":"~4.0","phpspec/phpspec":"~2.1"},"uid":630018},"5.2.x-dev":{"name":"laravel/laravel","description":"The Laravel Framework.","keywords":["framework","laravel"],"homepage":"","version":"5.2.x-dev","version_normalized":"5.2.9999999.9999999-dev","license":["MIT"],"authors":[],"source":{"type":"git","url":"https://github.com/laravel/laravel.git","reference":"982e769d2aaa9b8a4121ac933ee1360246a43a3f"},"dist":{"type":"zip","url":"https://api.github.com/repos/laravel/laravel/zipball/982e769d2aaa9b8a4121ac933ee1360246a43a3f","reference":"982e769d2aaa9b8a4121ac933ee1360246a43a3f","shasum":""},"type":"project","time":"2016-08-16T00:21:15+00:00","autoload":{"classmap":["database"],"psr-4":{"App\\":"app/"}},"require":{"php":">=5.5.9","laravel/framework":"5.2.*"},"require-dev":{"fzaninotto/faker":"~1.4","mockery/mockery":"0.9.*","phpunit/phpunit":"~4.0","symfony/css-selector":"2.8.*|3.0.*","symfony/dom-crawler":"2.8.*|3.0.*"},"uid":960577},"5.3.x-dev":{"name":"laravel/laravel","description":"The Laravel Framework.","keywords":["framework","laravel"],"homepage":"","version":"5.3.x-dev","version_normalized":"5.3.9999999.9999999-dev","license":["MIT"],"authors":[],"source":{"type":"git","url":"https://github.com/laravel/laravel.git","reference":"c72a0de96f0b1e5cbc84e2164c1bc5d4f1916a09"},"dist":{"type":"zip","url":"https://api.github.com/repos/laravel/laravel/zipball/c72a0de96f0b1e5cbc84e2164c1bc5d4f1916a09","reference":"c72a0de96f0b1e5cbc84e2164c1bc5d4f1916a09","shasum":""},"type":"project","time":"2017-03-15T19:34:55+00:00","autoload":{"classmap":["database"],"psr-4":{"App\\":"app/"}},"require":{"php":">=5.6.4","laravel/framework":"5.3.*"},"require-dev":{"fzaninotto/faker":"~1.4","mockery/mockery":"0.9.*","phpunit/phpunit":"~5.0","symfony/css-selector":"3.1.*","symfony/dom-crawler":"3.1.*"},"uid":1191170},"5.4.x-dev":{"name":"laravel/laravel","description":"The Laravel Framework.","keywords":["framework","laravel"],"homepage":"","version":"5.4.x-dev","version_normalized":"5.4.9999999.9999999-dev","license":["MIT"],"authors":[],"source":{"type":"git","url":"https://github.com/laravel/laravel.git","reference":"2ec34b6f04fb48fd6d3c14a9018c9aadd2dce85a"},"dist":{"type":"zip","url":"https://api.github.com/repos/laravel/laravel/zipball/2ec34b6f04fb48fd6d3c14a9018c9aadd2dce85a","reference":"2ec34b6f04fb48fd6d3c14a9018c9aadd2dce85a","shasum":""},"type":"project","time":"2017-11-21T13:35:51+00:00","autoload":{"classmap":["database"],"psr-4":{"App\\":"app/"}},"require":{"php":">=5.6.4","laravel/framework":"5.4.*","laravel/tinker":"~1.0"},"require-dev":{"fzaninotto/faker":"~1.4","mockery/mockery":"0.9.*","phpunit/phpunit":"~5.7"},"uid":1577986},"5.5.x-dev":{"name":"laravel/laravel","description":"The Laravel Framework.","keywords":["framework","laravel"],"homepage":"","version":"5.5.x-dev","version_normalized":"5.5.9999999.9999999-dev","license":["MIT"],"authors":[],"source":{"type":"git","url":"https://github.com/laravel/laravel.git","reference":"29440e8cce7a4f24ecf03f3f894ee4aa627be4bd"},"dist":{"type":"zip","url":"https://api.github.com/repos/laravel/laravel/zipball/29440e8cce7a4f24ecf03f3f894ee4aa627be4bd","reference":"29440e8cce7a4f24ecf03f3f894ee4aa627be4bd","shasum":""},"type":"project","time":"2019-04-22T19:33:55+00:00","autoload":{"classmap":["database/seeds","database/factories"],"psr-4":{"App\\":"app/"}},"extra":{"laravel":{"dont-discover":[]}},"require":{"fideloper/proxy":"~3.3","laravel/framework":"5.5.*","laravel/tinker":"~1.0","php":">=7.0.0"},"require-dev":{"filp/whoops":"~2.0","fzaninotto/faker":"~1.4","mockery/mockery":"~1.0","phpunit/phpunit":"~6.0","symfony/thanks":"^1.0"},"uid":1896952},"5.6.x-dev":{"name":"laravel/laravel","description":"The Laravel Framework.","keywords":["framework","laravel"],"homepage":"","version":"5.6.x-dev","version_normalized":"5.6.9999999.9999999-dev","license":["MIT"],"authors":[],"source":{"type":"git","url":"https://github.com/laravel/laravel.git","reference":"db7c41ab905edf57673b1c656f438bd6abe0dde2"},"dist":{"type":"zip","url":"https://api.github.com/repos/laravel/laravel/zipball/db7c41ab905edf57673b1c656f438bd6abe0dde2","reference":"db7c41ab905edf57673b1c656f438bd6abe0dde2","shasum":""},"type":"project","time":"2018-10-05T19:25:08+00:00","autoload":{"classmap":["database/seeds","database/factories"],"psr-4":{"App\\":"app/"}},"extra":{"laravel":{"dont-discover":[]}},"require":{"php":"^7.1.3","fideloper/proxy":"^4.0","laravel/framework":"5.6.*","laravel/tinker":"^1.0"},"require-dev":{"filp/whoops":"^2.0","fzaninotto/faker":"^1.4","mockery/mockery":"^1.0","nunomaduro/collision":"^2.0","phpunit/phpunit":"^7.0"},"uid":2442435},"5.7.x-dev":{"name":"laravel/laravel","description":"The Laravel Framework.","keywords":["framework","laravel"],"homepage":"","version":"5.7.x-dev","version_normalized":"5.7.9999999.9999999-dev","license":["MIT"],"authors":[],"source":{"type":"git","url":"https://github.com/laravel/laravel.git","reference":"42c2a7ee2774cc0e5e2ff0243872606ef84ee9a5"},"dist":{"type":"zip","url":"https://api.github.com/repos/laravel/laravel/zipball/42c2a7ee2774cc0e5e2ff0243872606ef84ee9a5","reference":"42c2a7ee2774cc0e5e2ff0243872606ef84ee9a5","shasum":""},"type":"project","time":"2019-02-26T16:41:19+00:00","autoload":{"psr-4":{"App\\":"app/"},"classmap":["database/seeds","database/factories"]},"extra":{"laravel":{"dont-discover":[]}},"require":{"php":"^7.1.3","fideloper/proxy":"^4.0","laravel/framework":"5.7.*","laravel/tinker":"^1.0"},"require-dev":{"beyondcode/laravel-dump-server":"^1.0","filp/whoops":"^2.0","fzaninotto/faker":"^1.4","mockery/mockery":"^1.0","nunomaduro/collision":"^2.0","phpunit/phpunit":"^7.0"},"uid":2795519},"dev-develop":{"name":"laravel/laravel","description":"The Laravel Framework.","keywords":["framework","laravel"],"homepage":"","version":"dev-develop","version_normalized":"dev-develop","license":["MIT"],"authors":[],"source":{"type":"git","url":"https://github.com/laravel/laravel.git","reference":"a7a1f44018d781848f15875dfe34a09ed8b6dd03"},"dist":{"type":"zip","url":"https://api.github.com/repos/laravel/laravel/zipball/a7a1f44018d781848f15875dfe34a09ed8b6dd03","reference":"a7a1f44018d781848f15875dfe34a09ed8b6dd03","shasum":""},"type":"project","time":"2019-05-21T13:16:00+00:00","autoload":{"psr-4":{"App\\":"app/"},"classmap":["database/seeds","database/factories"]},"extra":{"laravel":{"dont-discover":[]}},"require":{"fideloper/proxy":"^4.0","laravel/tinker":"^1.0","php":"^7.2","laravel/framework":"5.9.*"},"require-dev":{"filp/whoops":"^2.0","fzaninotto/faker":"^1.4","mockery/mockery":"^1.0","beyondcode/laravel-dump-server":"^1.0","phpunit/phpunit":"^8.0","nunomaduro/collision":"^3.0"},"uid":58577},"dev-master":{"name":"laravel/laravel","description":"The Laravel Framework.","keywords":["framework","laravel"],"homepage":"","version":"dev-master","version_normalized":"9999999-dev","license":["MIT"],"authors":[],"source":{"type":"git","url":"https://github.com/laravel/laravel.git","reference":"762e987e5bc4c87fb75f7868f967ec3d19a379e0"},"dist":{"type":"zip","url":"https://api.github.com/repos/laravel/laravel/zipball/762e987e5bc4c87fb75f7868f967ec3d19a379e0","reference":"762e987e5bc4c87fb75f7868f967ec3d19a379e0","shasum":""},"type":"project","time":"2019-05-21T13:15:32+00:00","autoload":{"psr-4":{"App\\":"app/"},"classmap":["database/seeds","database/factories"]},"extra":{"laravel":{"dont-discover":[]}},"require":{"php":"^7.1.3","fideloper/proxy":"^4.0","laravel/tinker":"^1.0","laravel/framework":"5.8.*"},"require-dev":{"filp/whoops":"^2.0","fzaninotto/faker":"^1.4","mockery/mockery":"^1.0","beyondcode/laravel-dump-server":"^1.0","phpunit/phpunit":"^7.5","nunomaduro/collision":"^3.0"},"uid":58581},"v4.0.0":{"name":"laravel/laravel","description":"","keywords":[],"homepage":"","version":"v4.0.0","version_normalized":"4.0.0.0","license":[],"authors":[],"source":{"type":"git","url":"https://github.com/laravel/laravel.git","reference":"b87a78fb176b5750ee210b2dcc3f6e4b55f26819"},"dist":{"type":"zip","url":"https://api.github.com/repos/laravel/laravel/zipball/b87a78fb176b5750ee210b2dcc3f6e4b55f26819","reference":"b87a78fb176b5750ee210b2dcc3f6e4b55f26819","shasum":""},"type":"library","time":"2013-05-28T16:28:05+00:00","autoload":{"classmap":["app/commands","app/controllers","app/models","app/database/migrations","app/database/seeds","app/tests/TestCase.php"]},"require":{"laravel/framework":"4.0.*"},"uid":2728102},"v4.0.0-BETA3":{"name":"laravel/laravel","description":"","keywords":[],"homepage":"","version":"v4.0.0-BETA3","version_normalized":"4.0.0.0-beta3","license":[],"authors":[],"source":{"type":"git","url":"https://github.com/laravel/laravel.git","reference":"3ad5edcc109e09143cf15bb49cc7beec35b072a0"},"dist":{"type":"zip","url":"https://api.github.com/repos/laravel/laravel/zipball/3ad5edcc109e09143cf15bb49cc7beec35b072a0","reference":"3ad5edcc109e09143cf15bb49cc7beec35b072a0","shasum":""},"type":"library","time":"2013-02-08T20:49:12+00:00","autoload":{"classmap":["app/commands","app/controllers","app/models","app/database/migrations","app/database/seeds","app/tests/TestCase.php"]},"require":{"laravel/framework":"4.0.*"},"uid":2728098},"v4.0.0-BETA4":{"name":"laravel/laravel","description":"","keywords":[],"homepage":"","version":"v4.0.0-BETA4","version_normalized":"4.0.0.0-beta4","license":[],"authors":[],"source":{"type":"git","url":"https://github.com/laravel/laravel.git","reference":"1a6230b82aa5a17341715e82ab99723d9351791d"},"dist":{"type":"zip","url":"https://api.github.com/repos/laravel/laravel/zipball/1a6230b82aa5a17341715e82ab99723d9351791d","reference":"1a6230b82aa5a17341715e82ab99723d9351791d","shasum":""},"type":"library","time":"2013-03-29T12:54:06+00:00","autoload":{"classmap":["app/commands","app/controllers","app/models","app/database/migrations","app/database/seeds","app/tests/TestCase.php"]},"require":{"laravel/framework":"4.0.*"},"uid":2728100},"v4.0.4":{"name":"laravel/laravel","description":"The Laravel Framework.","keywords":["framework","laravel"],"homepage":"","version":"v4.0.4","version_normalized":"4.0.4.0","license":[],"authors":[],"source":{"type":"git","url":"https://github.com/laravel/laravel.git","reference":"e526c088005409a360bd844d0382a26b04c2f2cf"},"dist":{"type":"zip","url":"https://api.github.com/repos/laravel/laravel/zipball/e526c088005409a360bd844d0382a26b04c2f2cf","reference":"e526c088005409a360bd844d0382a26b04c2f2cf","shasum":""},"type":"library","time":"2013-06-08T18:14:14+00:00","autoload":{"classmap":["app/commands","app/controllers","app/models","app/database/migrations","app/database/seeds","app/tests/TestCase.php"]},"require":{"laravel/framework":"4.0.*"},"uid":60774},"v4.0.5":{"name":"laravel/laravel","description":"The Laravel Framework.","keywords":["framework","laravel"],"homepage":"","version":"v4.0.5","version_normalized":"4.0.5.0","license":[],"authors":[],"source":{"type":"git","url":"https://github.com/laravel/laravel.git","reference":"19841d865d59c6238b81f01a7c9d40296299ee12"},"dist":{"type":"zip","url":"https://api.github.com/repos/laravel/laravel/zipball/19841d865d59c6238b81f01a7c9d40296299ee12","reference":"19841d865d59c6238b81f01a7c9d40296299ee12","shasum":""},"type":"library","time":"2013-06-10T12:57:53+00:00","autoload":{"classmap":["app/commands","app/controllers","app/models","app/database/migrations","app/database/seeds","app/tests/TestCase.php"]},"require":{"laravel/framework":"4.0.*"},"uid":61915},"v4.0.6":{"name":"laravel/laravel","description":"The Laravel Framework.","keywords":["framework","laravel"],"homepage":"","version":"v4.0.6","version_normalized":"4.0.6.0","license":[],"authors":[],"source":{"type":"git","url":"https://github.com/laravel/laravel.git","reference":"6a2ad475cfb21d12936cbbb544d8a136fc73be97"},"dist":{"type":"zip","url":"https://api.github.com/repos/laravel/laravel/zipball/6a2ad475cfb21d12936cbbb544d8a136fc73be97","reference":"6a2ad475cfb21d12936cbbb544d8a136fc73be97","shasum":""},"type":"library","time":"2013-07-30T14:05:55+00:00","autoload":{"classmap":["app/commands","app/controllers","app/models","app/database/migrations","app/database/seeds","app/tests/TestCase.php"]},"require":{"laravel/framework":"4.0.*"},"uid":73706},"v4.0.7":{"name":"laravel/laravel","description":"The Laravel Framework.","keywords":["framework","laravel"],"homepage":"","version":"v4.0.7","version_normalized":"4.0.7.0","license":["MIT"],"authors":[],"source":{"type":"git","url":"https://github.com/laravel/laravel.git","reference":"fbd93f6997a64abb1457aa7328a39ff3df8c5a18"},"dist":{"type":"zip","url":"https://api.github.com/repos/laravel/laravel/zipball/fbd93f6997a64abb1457aa7328a39ff3df8c5a18","reference":"fbd93f6997a64abb1457aa7328a39ff3df8c5a18","shasum":""},"type":"library","time":"2013-09-07T04:42:43+00:00","autoload":{"classmap":["app/commands","app/controllers","app/models","app/database/migrations","app/database/seeds","app/tests/TestCase.php"]},"require":{"laravel/framework":"4.0.*"},"uid":84087},"v4.0.8":{"name":"laravel/laravel","description":"The Laravel Framework.","keywords":["framework","laravel"],"homepage":"","version":"v4.0.8","version_normalized":"4.0.8.0","license":["MIT"],"authors":[],"source":{"type":"git","url":"https://github.com/laravel/laravel.git","reference":"fbd93f6997a64abb1457aa7328a39ff3df8c5a18"},"dist":{"type":"zip","url":"https://api.github.com/repos/laravel/laravel/zipball/fbd93f6997a64abb1457aa7328a39ff3df8c5a18","reference":"fbd93f6997a64abb1457aa7328a39ff3df8c5a18","shasum":""},"type":"library","time":"2013-09-07T04:42:43+00:00","autoload":{"classmap":["app/commands","app/controllers","app/models","app/database/migrations","app/database/seeds","app/tests/TestCase.php"]},"require":{"laravel/framework":"4.0.*"},"uid":90067},"v4.0.9":{"name":"laravel/laravel","description":"The Laravel Framework.","keywords":["framework","laravel"],"homepage":"","version":"v4.0.9","version_normalized":"4.0.9.0","license":["MIT"],"authors":[],"source":{"type":"git","url":"https://github.com/laravel/laravel.git","reference":"17455130350c2577fb95f610d897495c05ead3ed"},"dist":{"type":"zip","url":"https://api.github.com/repos/laravel/laravel/zipball/17455130350c2577fb95f610d897495c05ead3ed","reference":"17455130350c2577fb95f610d897495c05ead3ed","shasum":""},"type":"library","time":"2013-10-14T01:57:04+00:00","autoload":{"classmap":["app/commands","app/controllers","app/models","app/database/migrations","app/database/seeds","app/tests/TestCase.php"]},"require":{"laravel/framework":"4.0.*"},"uid":93685},"v4.1.0":{"name":"laravel/laravel","description":"The Laravel Framework.","keywords":["framework","laravel"],"homepage":"","version":"v4.1.0","version_normalized":"4.1.0.0","license":["MIT"],"authors":[],"source":{"type":"git","url":"https://github.com/laravel/laravel.git","reference":"3053d486e64238b3698c14179f9881a55f9ac08b"},"dist":{"type":"zip","url":"https://api.github.com/repos/laravel/laravel/zipball/3053d486e64238b3698c14179f9881a55f9ac08b","reference":"3053d486e64238b3698c14179f9881a55f9ac08b","shasum":""},"type":"library","time":"2013-12-11T14:17:46+00:00","autoload":{"classmap":["app/commands","app/controllers","app/models","app/database/migrations","app/database/seeds","app/tests/TestCase.php"]},"require":{"laravel/framework":"4.1.*"},"uid":109771},"v4.1.18":{"name":"laravel/laravel","description":"The Laravel Framework.","keywords":["framework","laravel"],"homepage":"","version":"v4.1.18","version_normalized":"4.1.18.0","license":["MIT"],"authors":[],"source":{"type":"git","url":"https://github.com/laravel/laravel.git","reference":"73094f2633f1b90f3ef6de4a8a5b610532510e0e"},"dist":{"type":"zip","url":"https://api.github.com/repos/laravel/laravel/zipball/73094f2633f1b90f3ef6de4a8a5b610532510e0e","reference":"73094f2633f1b90f3ef6de4a8a5b610532510e0e","shasum":""},"type":"library","time":"2014-01-19T01:14:57+00:00","autoload":{"classmap":["app/commands","app/controllers","app/models","app/database/migrations","app/database/seeds","app/tests/TestCase.php"]},"require":{"laravel/framework":"4.1.*"},"uid":122300},"v4.1.27":{"name":"laravel/laravel","description":"The Laravel Framework.","keywords":["framework","laravel"],"homepage":"","version":"v4.1.27","version_normalized":"4.1.27.0","license":["MIT"],"authors":[],"source":{"type":"git","url":"https://github.com/laravel/laravel.git","reference":"f138f0f4fce63fdb371064a66a4c92226a8b1ace"},"dist":{"type":"zip","url":"https://api.github.com/repos/laravel/laravel/zipball/f138f0f4fce63fdb371064a66a4c92226a8b1ace","reference":"f138f0f4fce63fdb371064a66a4c92226a8b1ace","shasum":""},"type":"library","time":"2014-04-15T16:06:27+00:00","autoload":{"classmap":["app/commands","app/controllers","app/models","app/database/migrations","app/database/seeds","app/tests/TestCase.php"]},"require":{"laravel/framework":"4.1.*"},"uid":159995},"v4.2.0":{"name":"laravel/laravel","description":"The Laravel Framework.","keywords":["framework","laravel"],"homepage":"","version":"v4.2.0","version_normalized":"4.2.0.0","license":["MIT"],"authors":[],"source":{"type":"git","url":"https://github.com/laravel/laravel.git","reference":"1713d69ca8ea2ea520f648d7f4a86d0f0a53f84f"},"dist":{"type":"zip","url":"https://api.github.com/repos/laravel/laravel/zipball/1713d69ca8ea2ea520f648d7f4a86d0f0a53f84f","reference":"1713d69ca8ea2ea520f648d7f4a86d0f0a53f84f","shasum":""},"type":"library","time":"2014-06-01T18:16:30+00:00","autoload":{"classmap":["app/commands","app/controllers","app/models","app/database/migrations","app/database/seeds","app/tests/TestCase.php"]},"require":{"laravel/framework":"4.2.*"},"uid":181689},"v4.2.11":{"name":"laravel/laravel","description":"The Laravel Framework.","keywords":["framework","laravel"],"homepage":"","version":"v4.2.11","version_normalized":"4.2.11.0","license":["MIT"],"authors":[],"source":{"type":"git","url":"https://github.com/laravel/laravel.git","reference":"ba0cf2a1c9280e99d39aad5d4d686d554941eea1"},"dist":{"type":"zip","url":"https://api.github.com/repos/laravel/laravel/zipball/ba0cf2a1c9280e99d39aad5d4d686d554941eea1","reference":"ba0cf2a1c9280e99d39aad5d4d686d554941eea1","shasum":""},"type":"project","time":"2014-11-09T22:29:56+00:00","autoload":{"classmap":["app/commands","app/controllers","app/models","app/database/migrations","app/database/seeds","app/tests/TestCase.php"]},"require":{"laravel/framework":"4.2.*"},"uid":266800},"v5.0.0":{"name":"laravel/laravel","description":"The Laravel Framework.","keywords":["framework","laravel"],"homepage":"","version":"v5.0.0","version_normalized":"5.0.0.0","license":["MIT"],"authors":[],"source":{"type":"git","url":"https://github.com/laravel/laravel.git","reference":"da60de89734f0bb2e8135d9a3c5ecb94404959e4"},"dist":{"type":"zip","url":"https://api.github.com/repos/laravel/laravel/zipball/da60de89734f0bb2e8135d9a3c5ecb94404959e4","reference":"da60de89734f0bb2e8135d9a3c5ecb94404959e4","shasum":""},"type":"project","time":"2015-02-04T14:17:25+00:00","autoload":{"classmap":["database"],"psr-4":{"App\\":"app/"}},"require":{"laravel/framework":"5.0.*"},"require-dev":{"phpunit/phpunit":"~4.0","phpspec/phpspec":"~2.1"},"uid":321767},"v5.0.1":{"name":"laravel/laravel","description":"The Laravel Framework.","keywords":["framework","laravel"],"homepage":"","version":"v5.0.1","version_normalized":"5.0.1.0","license":["MIT"],"authors":[],"source":{"type":"git","url":"https://github.com/laravel/laravel.git","reference":"35acc5408c4b6ad73c95f3bb5780232a5be735d5"},"dist":{"type":"zip","url":"https://api.github.com/repos/laravel/laravel/zipball/35acc5408c4b6ad73c95f3bb5780232a5be735d5","reference":"35acc5408c4b6ad73c95f3bb5780232a5be735d5","shasum":""},"type":"project","time":"2015-02-06T19:37:48+00:00","autoload":{"classmap":["database"],"psr-4":{"App\\":"app/"}},"require":{"laravel/framework":"5.0.*"},"require-dev":{"phpunit/phpunit":"~4.0","phpspec/phpspec":"~2.1"},"uid":324639},"v5.0.16":{"name":"laravel/laravel","description":"The Laravel Framework.","keywords":["framework","laravel"],"homepage":"","version":"v5.0.16","version_normalized":"5.0.16.0","license":["MIT"],"authors":[],"source":{"type":"git","url":"https://github.com/laravel/laravel.git","reference":"c822db1f5bee1f8cb48d3ff2fd459a51159b00a5"},"dist":{"type":"zip","url":"https://api.github.com/repos/laravel/laravel/zipball/c822db1f5bee1f8cb48d3ff2fd459a51159b00a5","reference":"c822db1f5bee1f8cb48d3ff2fd459a51159b00a5","shasum":""},"type":"project","time":"2015-03-14T03:02:50+00:00","autoload":{"classmap":["database"],"psr-4":{"App\\":"app/"}},"require":{"laravel/framework":"5.0.*"},"require-dev":{"phpunit/phpunit":"~4.0","phpspec/phpspec":"~2.1"},"uid":355929},"v5.0.22":{"name":"laravel/laravel","description":"The Laravel Framework.","keywords":["framework","laravel"],"homepage":"","version":"v5.0.22","version_normalized":"5.0.22.0","license":["MIT"],"authors":[],"source":{"type":"git","url":"https://github.com/laravel/laravel.git","reference":"7bddbdc2a1f8d9c23205707e74455d74684e3031"},"dist":{"type":"zip","url":"https://api.github.com/repos/laravel/laravel/zipball/7bddbdc2a1f8d9c23205707e74455d74684e3031","reference":"7bddbdc2a1f8d9c23205707e74455d74684e3031","shasum":""},"type":"project","time":"2015-03-24T21:06:56+00:00","autoload":{"classmap":["database"],"psr-4":{"App\\":"app/"}},"require":{"laravel/framework":"5.0.*"},"require-dev":{"phpunit/phpunit":"~4.0","phpspec/phpspec":"~2.1"},"uid":367838},"v5.1.0":{"name":"laravel/laravel","description":"The Laravel Framework.","keywords":["framework","laravel"],"homepage":"","version":"v5.1.0","version_normalized":"5.1.0.0","license":["MIT"],"authors":[],"source":{"type":"git","url":"https://github.com/laravel/laravel.git","reference":"ff441abd622893752ffc1ba58ce64200606d07ff"},"dist":{"type":"zip","url":"https://api.github.com/repos/laravel/laravel/zipball/ff441abd622893752ffc1ba58ce64200606d07ff","reference":"ff441abd622893752ffc1ba58ce64200606d07ff","shasum":""},"type":"project","time":"2015-06-09T12:48:02+00:00","autoload":{"classmap":["database"],"psr-4":{"App\\":"app/"}},"require":{"php":">=5.5.9","laravel/framework":"5.1.*"},"require-dev":{"fzaninotto/faker":"~1.4","mockery/mockery":"0.9.*","phpunit/phpunit":"~4.0","phpspec/phpspec":"~2.1"},"uid":428537},"v5.1.1":{"name":"laravel/laravel","description":"The Laravel Framework.","keywords":["framework","laravel"],"homepage":"","version":"v5.1.1","version_normalized":"5.1.1.0","license":["MIT"],"authors":[],"source":{"type":"git","url":"https://github.com/laravel/laravel.git","reference":"136d7fa8ef74d0bbe3dd29c0e19c58585e84606e"},"dist":{"type":"zip","url":"https://api.github.com/repos/laravel/laravel/zipball/136d7fa8ef74d0bbe3dd29c0e19c58585e84606e","reference":"136d7fa8ef74d0bbe3dd29c0e19c58585e84606e","shasum":""},"type":"project","time":"2015-06-11T18:28:25+00:00","autoload":{"classmap":["database"],"psr-4":{"App\\":"app/"}},"require":{"php":">=5.5.9","laravel/framework":"5.1.*"},"require-dev":{"fzaninotto/faker":"~1.4","mockery/mockery":"0.9.*","phpunit/phpunit":"~4.0","phpspec/phpspec":"~2.1"},"uid":432911},"v5.1.11":{"name":"laravel/laravel","description":"The Laravel Framework.","keywords":["framework","laravel"],"homepage":"","version":"v5.1.11","version_normalized":"5.1.11.0","license":["MIT"],"authors":[],"source":{"type":"git","url":"https://github.com/laravel/laravel.git","reference":"716e65268ae088e5bd73e505acf9695c127aff66"},"dist":{"type":"zip","url":"https://api.github.com/repos/laravel/laravel/zipball/716e65268ae088e5bd73e505acf9695c127aff66","reference":"716e65268ae088e5bd73e505acf9695c127aff66","shasum":""},"type":"project","time":"2015-08-30T11:31:33+00:00","autoload":{"classmap":["database"],"psr-4":{"App\\":"app/"}},"require":{"php":">=5.5.9","laravel/framework":"5.1.*"},"require-dev":{"fzaninotto/faker":"~1.4","mockery/mockery":"0.9.*","phpunit/phpunit":"~4.0","phpspec/phpspec":"~2.1"},"uid":506498},"v5.1.3":{"name":"laravel/laravel","description":"The Laravel Framework.","keywords":["framework","laravel"],"homepage":"","version":"v5.1.3","version_normalized":"5.1.3.0","license":["MIT"],"authors":[],"source":{"type":"git","url":"https://github.com/laravel/laravel.git","reference":"2dd8ed131adcb72237e570b8ec0df2231c3add48"},"dist":{"type":"zip","url":"https://api.github.com/repos/laravel/laravel/zipball/2dd8ed131adcb72237e570b8ec0df2231c3add48","reference":"2dd8ed131adcb72237e570b8ec0df2231c3add48","shasum":""},"type":"project","time":"2015-06-23T19:08:14+00:00","autoload":{"classmap":["database"],"psr-4":{"App\\":"app/"}},"require":{"php":">=5.5.9","laravel/framework":"5.1.*"},"require-dev":{"fzaninotto/faker":"~1.4","mockery/mockery":"0.9.*","phpunit/phpunit":"~4.0","phpspec/phpspec":"~2.1"},"uid":443250},"v5.1.33":{"name":"laravel/laravel","description":"The Laravel Framework.","keywords":["framework","laravel"],"homepage":"","version":"v5.1.33","version_normalized":"5.1.33.0","license":["MIT"],"authors":[],"source":{"type":"git","url":"https://github.com/laravel/laravel.git","reference":"70f8bb6e08f0232c306826282b995bb5670a0efa"},"dist":{"type":"zip","url":"https://api.github.com/repos/laravel/laravel/zipball/70f8bb6e08f0232c306826282b995bb5670a0efa","reference":"70f8bb6e08f0232c306826282b995bb5670a0efa","shasum":""},"type":"project","time":"2016-04-05T14:06:24+00:00","autoload":{"classmap":["database"],"psr-4":{"App\\":"app/"}},"require":{"php":">=5.5.9","laravel/framework":"5.1.*"},"require-dev":{"fzaninotto/faker":"~1.4","mockery/mockery":"0.9.*","phpunit/phpunit":"~4.0","phpspec/phpspec":"~2.1"},"uid":765237},"v5.1.4":{"name":"laravel/laravel","description":"The Laravel Framework.","keywords":["framework","laravel"],"homepage":"","version":"v5.1.4","version_normalized":"5.1.4.0","license":["MIT"],"authors":[],"source":{"type":"git","url":"https://github.com/laravel/laravel.git","reference":"901a45fd96a7479e77f63ea5f8d1147a2766cafa"},"dist":{"type":"zip","url":"https://api.github.com/repos/laravel/laravel/zipball/901a45fd96a7479e77f63ea5f8d1147a2766cafa","reference":"901a45fd96a7479e77f63ea5f8d1147a2766cafa","shasum":""},"type":"project","time":"2015-07-01T18:30:05+00:00","autoload":{"classmap":["database"],"psr-4":{"App\\":"app/"}},"require":{"php":">=5.5.9","laravel/framework":"5.1.*"},"require-dev":{"fzaninotto/faker":"~1.4","mockery/mockery":"0.9.*","phpunit/phpunit":"~4.0","phpspec/phpspec":"~2.1"},"uid":450046},"v5.2.0":{"name":"laravel/laravel","description":"The Laravel Framework.","keywords":["framework","laravel"],"homepage":"","version":"v5.2.0","version_normalized":"5.2.0.0","license":["MIT"],"authors":[],"source":{"type":"git","url":"https://github.com/laravel/laravel.git","reference":"becd774e049fb451aca0c7dc4f6d86d7bc12256c"},"dist":{"type":"zip","url":"https://api.github.com/repos/laravel/laravel/zipball/becd774e049fb451aca0c7dc4f6d86d7bc12256c","reference":"becd774e049fb451aca0c7dc4f6d86d7bc12256c","shasum":""},"type":"project","time":"2015-12-21T17:26:25+00:00","autoload":{"classmap":["database"],"psr-4":{"App\\":"app/"}},"require":{"php":">=5.5.9","laravel/framework":"5.2.*"},"require-dev":{"fzaninotto/faker":"~1.4","mockery/mockery":"0.9.*","phpunit/phpunit":"~4.0","symfony/css-selector":"2.8.*|3.0.*","symfony/dom-crawler":"2.8.*|3.0.*"},"uid":630022},"v5.2.15":{"name":"laravel/laravel","description":"The Laravel Framework.","keywords":["framework","laravel"],"homepage":"","version":"v5.2.15","version_normalized":"5.2.15.0","license":["MIT"],"authors":[],"source":{"type":"git","url":"https://github.com/laravel/laravel.git","reference":"c751b33d01c02aa332745c24f685282520fb16c7"},"dist":{"type":"zip","url":"https://api.github.com/repos/laravel/laravel/zipball/c751b33d01c02aa332745c24f685282520fb16c7","reference":"c751b33d01c02aa332745c24f685282520fb16c7","shasum":""},"type":"project","time":"2016-02-12T15:05:19+00:00","autoload":{"classmap":["database"],"psr-4":{"App\\":"app/"}},"require":{"php":">=5.5.9","laravel/framework":"5.2.*"},"require-dev":{"fzaninotto/faker":"~1.4","mockery/mockery":"0.9.*","phpunit/phpunit":"~4.0","symfony/css-selector":"2.8.*|3.0.*","symfony/dom-crawler":"2.8.*|3.0.*"},"uid":694863},"v5.2.23":{"name":"laravel/laravel","description":"The Laravel Framework.","keywords":["framework","laravel"],"homepage":"","version":"v5.2.23","version_normalized":"5.2.23.0","license":["MIT"],"authors":[],"source":{"type":"git","url":"https://github.com/laravel/laravel.git","reference":"91c6e716773d379ecaecc97a9e7183e0970b63b1"},"dist":{"type":"zip","url":"https://api.github.com/repos/laravel/laravel/zipball/91c6e716773d379ecaecc97a9e7183e0970b63b1","reference":"91c6e716773d379ecaecc97a9e7183e0970b63b1","shasum":""},"type":"project","time":"2016-03-16T17:21:40+00:00","autoload":{"classmap":["database"],"psr-4":{"App\\":"app/"}},"require":{"php":">=5.5.9","laravel/framework":"5.2.*"},"require-dev":{"fzaninotto/faker":"~1.4","mockery/mockery":"0.9.*","phpunit/phpunit":"~4.0","symfony/css-selector":"2.8.*|3.0.*","symfony/dom-crawler":"2.8.*|3.0.*"},"uid":739801},"v5.2.24":{"name":"laravel/laravel","description":"The Laravel Framework.","keywords":["framework","laravel"],"homepage":"","version":"v5.2.24","version_normalized":"5.2.24.0","license":["MIT"],"authors":[],"source":{"type":"git","url":"https://github.com/laravel/laravel.git","reference":"1d5e88d0fb687d8ea57a85f9e5d11e7e63685ae2"},"dist":{"type":"zip","url":"https://api.github.com/repos/laravel/laravel/zipball/1d5e88d0fb687d8ea57a85f9e5d11e7e63685ae2","reference":"1d5e88d0fb687d8ea57a85f9e5d11e7e63685ae2","shasum":""},"type":"project","time":"2016-03-22T18:49:35+00:00","autoload":{"classmap":["database"],"psr-4":{"App\\":"app/"}},"require":{"php":">=5.5.9","laravel/framework":"5.2.*"},"require-dev":{"fzaninotto/faker":"~1.4","mockery/mockery":"0.9.*","phpunit/phpunit":"~4.0","symfony/css-selector":"2.8.*|3.0.*","symfony/dom-crawler":"2.8.*|3.0.*"},"uid":747514},"v5.2.27":{"name":"laravel/laravel","description":"The Laravel Framework.","keywords":["framework","laravel"],"homepage":"","version":"v5.2.27","version_normalized":"5.2.27.0","license":["MIT"],"authors":[],"source":{"type":"git","url":"https://github.com/laravel/laravel.git","reference":"3fc105d3d409daf20fe646db79d5995f4ba893e8"},"dist":{"type":"zip","url":"https://api.github.com/repos/laravel/laravel/zipball/3fc105d3d409daf20fe646db79d5995f4ba893e8","reference":"3fc105d3d409daf20fe646db79d5995f4ba893e8","shasum":""},"type":"project","time":"2016-03-25T19:29:48+00:00","autoload":{"classmap":["database"],"psr-4":{"App\\":"app/"}},"require":{"php":">=5.5.9","laravel/framework":"5.2.*"},"require-dev":{"fzaninotto/faker":"~1.4","mockery/mockery":"0.9.*","phpunit/phpunit":"~4.0","symfony/css-selector":"2.8.*|3.0.*","symfony/dom-crawler":"2.8.*|3.0.*"},"uid":755867},"v5.2.29":{"name":"laravel/laravel","description":"The Laravel Framework.","keywords":["framework","laravel"],"homepage":"","version":"v5.2.29","version_normalized":"5.2.29.0","license":["MIT"],"authors":[],"source":{"type":"git","url":"https://github.com/laravel/laravel.git","reference":"9fa63f8ce856ec4b5c7869cd5cd597b66590ea38"},"dist":{"type":"zip","url":"https://api.github.com/repos/laravel/laravel/zipball/9fa63f8ce856ec4b5c7869cd5cd597b66590ea38","reference":"9fa63f8ce856ec4b5c7869cd5cd597b66590ea38","shasum":""},"type":"project","time":"2016-04-01T21:06:45+00:00","autoload":{"classmap":["database"],"psr-4":{"App\\":"app/"}},"require":{"php":">=5.5.9","laravel/framework":"5.2.*"},"require-dev":{"fzaninotto/faker":"~1.4","mockery/mockery":"0.9.*","phpunit/phpunit":"~4.0","symfony/css-selector":"2.8.*|3.0.*","symfony/dom-crawler":"2.8.*|3.0.*"},"uid":762156},"v5.2.31":{"name":"laravel/laravel","description":"The Laravel Framework.","keywords":["framework","laravel"],"homepage":"","version":"v5.2.31","version_normalized":"5.2.31.0","license":["MIT"],"authors":[],"source":{"type":"git","url":"https://github.com/laravel/laravel.git","reference":"76b8ef720400b0c0bf4cdab39c354e8addef7dd9"},"dist":{"type":"zip","url":"https://api.github.com/repos/laravel/laravel/zipball/76b8ef720400b0c0bf4cdab39c354e8addef7dd9","reference":"76b8ef720400b0c0bf4cdab39c354e8addef7dd9","shasum":""},"type":"project","time":"2016-04-27T13:01:12+00:00","autoload":{"classmap":["database"],"psr-4":{"App\\":"app/"}},"require":{"php":">=5.5.9","laravel/framework":"5.2.*"},"require-dev":{"fzaninotto/faker":"~1.4","mockery/mockery":"0.9.*","phpunit/phpunit":"~4.0","symfony/css-selector":"2.8.*|3.0.*","symfony/dom-crawler":"2.8.*|3.0.*"},"uid":796635},"v5.3.0":{"name":"laravel/laravel","description":"The Laravel Framework.","keywords":["framework","laravel"],"homepage":"","version":"v5.3.0","version_normalized":"5.3.0.0","license":["MIT"],"authors":[],"source":{"type":"git","url":"https://github.com/laravel/laravel.git","reference":"f5dfa2057e800e15ecc1f5609016dfbc08fc643e"},"dist":{"type":"zip","url":"https://api.github.com/repos/laravel/laravel/zipball/f5dfa2057e800e15ecc1f5609016dfbc08fc643e","reference":"f5dfa2057e800e15ecc1f5609016dfbc08fc643e","shasum":""},"type":"project","time":"2016-08-23T13:14:23+00:00","autoload":{"classmap":["database"],"psr-4":{"App\\":"app/"}},"require":{"php":">=5.6.4","laravel/framework":"5.3.*"},"require-dev":{"fzaninotto/faker":"~1.4","mockery/mockery":"0.9.*","phpunit/phpunit":"~5.0","symfony/css-selector":"3.1.*","symfony/dom-crawler":"3.1.*"},"uid":960600},"v5.3.10":{"name":"laravel/laravel","description":"The Laravel Framework.","keywords":["framework","laravel"],"homepage":"","version":"v5.3.10","version_normalized":"5.3.10.0","license":["MIT"],"authors":[],"source":{"type":"git","url":"https://github.com/laravel/laravel.git","reference":"4eeec60d7a00114b5350f8bcf1c6d3a36a2206d3"},"dist":{"type":"zip","url":"https://api.github.com/repos/laravel/laravel/zipball/4eeec60d7a00114b5350f8bcf1c6d3a36a2206d3","reference":"4eeec60d7a00114b5350f8bcf1c6d3a36a2206d3","shasum":""},"type":"project","time":"2016-09-20T13:38:51+00:00","autoload":{"classmap":["database"],"psr-4":{"App\\":"app/"}},"require":{"php":">=5.6.4","laravel/framework":"5.3.*"},"require-dev":{"fzaninotto/faker":"~1.4","mockery/mockery":"0.9.*","phpunit/phpunit":"~5.0","symfony/css-selector":"3.1.*","symfony/dom-crawler":"3.1.*"},"uid":1002074},"v5.3.16":{"name":"laravel/laravel","description":"The Laravel Framework.","keywords":["framework","laravel"],"homepage":"","version":"v5.3.16","version_normalized":"5.3.16.0","license":["MIT"],"authors":[],"source":{"type":"git","url":"https://github.com/laravel/laravel.git","reference":"e0573e67e00ce172ef895862d14a81cd0ca2cadf"},"dist":{"type":"zip","url":"https://api.github.com/repos/laravel/laravel/zipball/e0573e67e00ce172ef895862d14a81cd0ca2cadf","reference":"e0573e67e00ce172ef895862d14a81cd0ca2cadf","shasum":""},"type":"project","time":"2016-10-03T02:33:52+00:00","autoload":{"classmap":["database"],"psr-4":{"App\\":"app/"}},"require":{"php":">=5.6.4","laravel/framework":"5.3.*"},"require-dev":{"fzaninotto/faker":"~1.4","mockery/mockery":"0.9.*","phpunit/phpunit":"~5.0","symfony/css-selector":"3.1.*","symfony/dom-crawler":"3.1.*"},"uid":1022118},"v5.3.30":{"name":"laravel/laravel","description":"The Laravel Framework.","keywords":["framework","laravel"],"homepage":"","version":"v5.3.30","version_normalized":"5.3.30.0","license":["MIT"],"authors":[],"source":{"type":"git","url":"https://github.com/laravel/laravel.git","reference":"a9fad67e1fb369779f4c5ebe454524a24e3698b7"},"dist":{"type":"zip","url":"https://api.github.com/repos/laravel/laravel/zipball/a9fad67e1fb369779f4c5ebe454524a24e3698b7","reference":"a9fad67e1fb369779f4c5ebe454524a24e3698b7","shasum":""},"type":"project","time":"2017-01-21T16:15:05+00:00","autoload":{"classmap":["database"],"psr-4":{"App\\":"app/"}},"require":{"php":">=5.6.4","laravel/framework":"5.3.*"},"require-dev":{"fzaninotto/faker":"~1.4","mockery/mockery":"0.9.*","phpunit/phpunit":"~5.0","symfony/css-selector":"3.1.*","symfony/dom-crawler":"3.1.*"},"uid":1195356},"v5.4.0":{"name":"laravel/laravel","description":"The Laravel Framework.","keywords":["framework","laravel"],"homepage":"","version":"v5.4.0","version_normalized":"5.4.0.0","license":["MIT"],"authors":[],"source":{"type":"git","url":"https://github.com/laravel/laravel.git","reference":"d9f54e3454b4cbbc7b614970c9f5d48e440f3957"},"dist":{"type":"zip","url":"https://api.github.com/repos/laravel/laravel/zipball/d9f54e3454b4cbbc7b614970c9f5d48e440f3957","reference":"d9f54e3454b4cbbc7b614970c9f5d48e440f3957","shasum":""},"type":"project","time":"2017-01-24T16:19:25+00:00","autoload":{"classmap":["database"],"psr-4":{"App\\":"app/","Tests\\":"tests/"}},"require":{"php":">=5.6.4","laravel/framework":"5.4.*","laravel/tinker":"~1.0"},"require-dev":{"fzaninotto/faker":"~1.4","mockery/mockery":"0.9.*","phpunit/phpunit":"~5.0"},"uid":1191202},"v5.4.15":{"name":"laravel/laravel","description":"The Laravel Framework.","keywords":["framework","laravel"],"homepage":"","version":"v5.4.15","version_normalized":"5.4.15.0","license":["MIT"],"authors":[],"source":{"type":"git","url":"https://github.com/laravel/laravel.git","reference":"48f44440f7713d3267af2969ed84297455f3787e"},"dist":{"type":"zip","url":"https://api.github.com/repos/laravel/laravel/zipball/48f44440f7713d3267af2969ed84297455f3787e","reference":"48f44440f7713d3267af2969ed84297455f3787e","shasum":""},"type":"project","time":"2017-03-03T14:39:45+00:00","autoload":{"classmap":["database"],"psr-4":{"App\\":"app/"}},"require":{"php":">=5.6.4","laravel/framework":"5.4.*","laravel/tinker":"~1.0"},"require-dev":{"fzaninotto/faker":"~1.4","mockery/mockery":"0.9.*","phpunit/phpunit":"~5.7"},"uid":1263186},"v5.4.16":{"name":"laravel/laravel","description":"The Laravel Framework.","keywords":["framework","laravel"],"homepage":"","version":"v5.4.16","version_normalized":"5.4.16.0","license":["MIT"],"authors":[],"source":{"type":"git","url":"https://github.com/laravel/laravel.git","reference":"2312580af8a20e78f96f988d420c073f899cbead"},"dist":{"type":"zip","url":"https://api.github.com/repos/laravel/laravel/zipball/2312580af8a20e78f96f988d420c073f899cbead","reference":"2312580af8a20e78f96f988d420c073f899cbead","shasum":""},"type":"project","time":"2017-03-17T18:04:12+00:00","autoload":{"classmap":["database"],"psr-4":{"App\\":"app/"}},"require":{"php":">=5.6.4","laravel/framework":"5.4.*","laravel/tinker":"~1.0"},"require-dev":{"fzaninotto/faker":"~1.4","mockery/mockery":"0.9.*","phpunit/phpunit":"~5.7"},"uid":1298757},"v5.4.19":{"name":"laravel/laravel","description":"The Laravel Framework.","keywords":["framework","laravel"],"homepage":"","version":"v5.4.19","version_normalized":"5.4.19.0","license":["MIT"],"authors":[],"source":{"type":"git","url":"https://github.com/laravel/laravel.git","reference":"49a9f5fd50c96ad12c77ae4d6e1747a533396623"},"dist":{"type":"zip","url":"https://api.github.com/repos/laravel/laravel/zipball/49a9f5fd50c96ad12c77ae4d6e1747a533396623","reference":"49a9f5fd50c96ad12c77ae4d6e1747a533396623","shasum":""},"type":"project","time":"2017-04-20T17:56:40+00:00","autoload":{"classmap":["database"],"psr-4":{"App\\":"app/"}},"require":{"php":">=5.6.4","laravel/framework":"5.4.*","laravel/tinker":"~1.0"},"require-dev":{"fzaninotto/faker":"~1.4","mockery/mockery":"0.9.*","phpunit/phpunit":"~5.7"},"uid":1353017},"v5.4.21":{"name":"laravel/laravel","description":"The Laravel Framework.","keywords":["framework","laravel"],"homepage":"","version":"v5.4.21","version_normalized":"5.4.21.0","license":["MIT"],"authors":[],"source":{"type":"git","url":"https://github.com/laravel/laravel.git","reference":"2c6d76469a46494a8f9d3c70c05310f57c38fb87"},"dist":{"type":"zip","url":"https://api.github.com/repos/laravel/laravel/zipball/2c6d76469a46494a8f9d3c70c05310f57c38fb87","reference":"2c6d76469a46494a8f9d3c70c05310f57c38fb87","shasum":""},"type":"project","time":"2017-04-28T21:46:22+00:00","autoload":{"classmap":["database"],"psr-4":{"App\\":"app/"}},"require":{"php":">=5.6.4","laravel/framework":"5.4.*","laravel/tinker":"~1.0"},"require-dev":{"fzaninotto/faker":"~1.4","mockery/mockery":"0.9.*","phpunit/phpunit":"~5.7"},"uid":1367287},"v5.4.23":{"name":"laravel/laravel","description":"The Laravel Framework.","keywords":["framework","laravel"],"homepage":"","version":"v5.4.23","version_normalized":"5.4.23.0","license":["MIT"],"authors":[],"source":{"type":"git","url":"https://github.com/laravel/laravel.git","reference":"0f0178a577d3d7f41d308d2ce91b1e2ce5e27cad"},"dist":{"type":"zip","url":"https://api.github.com/repos/laravel/laravel/zipball/0f0178a577d3d7f41d308d2ce91b1e2ce5e27cad","reference":"0f0178a577d3d7f41d308d2ce91b1e2ce5e27cad","shasum":""},"type":"project","time":"2017-05-11T12:42:02+00:00","autoload":{"classmap":["database"],"psr-4":{"App\\":"app/"}},"require":{"php":">=5.6.4","laravel/framework":"5.4.*","laravel/tinker":"~1.0"},"require-dev":{"fzaninotto/faker":"~1.4","mockery/mockery":"0.9.*","phpunit/phpunit":"~5.7"},"uid":1390732},"v5.4.3":{"name":"laravel/laravel","description":"The Laravel Framework.","keywords":["framework","laravel"],"homepage":"","version":"v5.4.3","version_normalized":"5.4.3.0","license":["MIT"],"authors":[],"source":{"type":"git","url":"https://github.com/laravel/laravel.git","reference":"8c6e40caeec7da0d0ef7c82c29785fbe76a20362"},"dist":{"type":"zip","url":"https://api.github.com/repos/laravel/laravel/zipball/8c6e40caeec7da0d0ef7c82c29785fbe76a20362","reference":"8c6e40caeec7da0d0ef7c82c29785fbe76a20362","shasum":""},"type":"project","time":"2017-01-25T13:08:04+00:00","autoload":{"classmap":["database"],"psr-4":{"App\\":"app/"}},"require":{"php":">=5.6.4","laravel/framework":"5.4.*","laravel/tinker":"~1.0"},"require-dev":{"fzaninotto/faker":"~1.4","mockery/mockery":"0.9.*","phpunit/phpunit":"~5.0"},"uid":1193796},"v5.4.30":{"name":"laravel/laravel","description":"The Laravel Framework.","keywords":["framework","laravel"],"homepage":"","version":"v5.4.30","version_normalized":"5.4.30.0","license":["MIT"],"authors":[],"source":{"type":"git","url":"https://github.com/laravel/laravel.git","reference":"098b8a48830c0e4e6ba6540979bf2459c8a6a49e"},"dist":{"type":"zip","url":"https://api.github.com/repos/laravel/laravel/zipball/098b8a48830c0e4e6ba6540979bf2459c8a6a49e","reference":"098b8a48830c0e4e6ba6540979bf2459c8a6a49e","shasum":""},"type":"project","time":"2017-07-04T16:54:53+00:00","autoload":{"classmap":["database"],"psr-4":{"App\\":"app/"}},"require":{"php":">=5.6.4","laravel/framework":"5.4.*","laravel/tinker":"~1.0"},"require-dev":{"fzaninotto/faker":"~1.4","mockery/mockery":"0.9.*","phpunit/phpunit":"~5.7"},"uid":1508806},"v5.4.9":{"name":"laravel/laravel","description":"The Laravel Framework.","keywords":["framework","laravel"],"homepage":"","version":"v5.4.9","version_normalized":"5.4.9.0","license":["MIT"],"authors":[],"source":{"type":"git","url":"https://github.com/laravel/laravel.git","reference":"0cb107c84c13d216b9460c5e61d3089b0f1e54e2"},"dist":{"type":"zip","url":"https://api.github.com/repos/laravel/laravel/zipball/0cb107c84c13d216b9460c5e61d3089b0f1e54e2","reference":"0cb107c84c13d216b9460c5e61d3089b0f1e54e2","shasum":""},"type":"project","time":"2017-02-03T21:49:27+00:00","autoload":{"classmap":["database"],"psr-4":{"App\\":"app/"}},"require":{"php":">=5.6.4","laravel/framework":"5.4.*","laravel/tinker":"~1.0"},"require-dev":{"fzaninotto/faker":"~1.4","mockery/mockery":"0.9.*","phpunit/phpunit":"~5.7"},"uid":1212361},"v5.5.0":{"name":"laravel/laravel","description":"The Laravel Framework.","keywords":["framework","laravel"],"homepage":"","version":"v5.5.0","version_normalized":"5.5.0.0","license":["MIT"],"authors":[],"source":{"type":"git","url":"https://github.com/laravel/laravel.git","reference":"a6c68c24c9938beef0128c3288502b8fbdf8e93d"},"dist":{"type":"zip","url":"https://api.github.com/repos/laravel/laravel/zipball/a6c68c24c9938beef0128c3288502b8fbdf8e93d","reference":"a6c68c24c9938beef0128c3288502b8fbdf8e93d","shasum":""},"type":"project","time":"2017-08-30T09:55:27+00:00","autoload":{"classmap":["database/seeds","database/factories"],"psr-4":{"App\\":"app/"}},"extra":{"laravel":{"dont-discover":[]}},"require":{"php":">=7.0.0","fideloper/proxy":"~3.3","laravel/framework":"5.5.*","laravel/tinker":"~1.0"},"require-dev":{"filp/whoops":"~2.0","fzaninotto/faker":"~1.4","mockery/mockery":"0.9.*","phpunit/phpunit":"~6.0"},"uid":1582687},"v5.5.22":{"name":"laravel/laravel","description":"The Laravel Framework.","keywords":["framework","laravel"],"homepage":"","version":"v5.5.22","version_normalized":"5.5.22.0","license":["MIT"],"authors":[],"source":{"type":"git","url":"https://github.com/laravel/laravel.git","reference":"593963979a6b6a27966aef9723b8ff08fb480b87"},"dist":{"type":"zip","url":"https://api.github.com/repos/laravel/laravel/zipball/593963979a6b6a27966aef9723b8ff08fb480b87","reference":"593963979a6b6a27966aef9723b8ff08fb480b87","shasum":""},"type":"project","time":"2017-11-21T13:37:48+00:00","autoload":{"classmap":["database/seeds","database/factories"],"psr-4":{"App\\":"app/"}},"extra":{"laravel":{"dont-discover":[]}},"require":{"php":">=7.0.0","fideloper/proxy":"~3.3","laravel/framework":"5.5.*","laravel/tinker":"~1.0"},"require-dev":{"filp/whoops":"~2.0","fzaninotto/faker":"~1.4","mockery/mockery":"~1.0","phpunit/phpunit":"~6.0"},"uid":1750276},"v5.5.28":{"name":"laravel/laravel","description":"The Laravel Framework.","keywords":["framework","laravel"],"homepage":"","version":"v5.5.28","version_normalized":"5.5.28.0","license":["MIT"],"authors":[],"source":{"type":"git","url":"https://github.com/laravel/laravel.git","reference":"f4cba4f2b254456645036139129142df274a1ec1"},"dist":{"type":"zip","url":"https://api.github.com/repos/laravel/laravel/zipball/f4cba4f2b254456645036139129142df274a1ec1","reference":"f4cba4f2b254456645036139129142df274a1ec1","shasum":""},"type":"project","time":"2018-01-03T16:52:15+00:00","autoload":{"classmap":["database/seeds","database/factories"],"psr-4":{"App\\":"app/"}},"extra":{"laravel":{"dont-discover":[]}},"require":{"php":">=7.0.0","fideloper/proxy":"~3.3","laravel/framework":"5.5.*","laravel/tinker":"~1.0"},"require-dev":{"filp/whoops":"~2.0","fzaninotto/faker":"~1.4","mockery/mockery":"~1.0","phpunit/phpunit":"~6.0","symfony/thanks":"^1.0"},"uid":1822844},"v5.6.0":{"name":"laravel/laravel","description":"The Laravel Framework.","keywords":["framework","laravel"],"homepage":"","version":"v5.6.0","version_normalized":"5.6.0.0","license":["MIT"],"authors":[],"source":{"type":"git","url":"https://github.com/laravel/laravel.git","reference":"ecfd939ff24aa7561f041c67773c1978b2a2a1b0"},"dist":{"type":"zip","url":"https://api.github.com/repos/laravel/laravel/zipball/ecfd939ff24aa7561f041c67773c1978b2a2a1b0","reference":"ecfd939ff24aa7561f041c67773c1978b2a2a1b0","shasum":""},"type":"project","time":"2018-02-07T15:37:45+00:00","autoload":{"classmap":["database/seeds","database/factories"],"psr-4":{"App\\":"app/"}},"extra":{"laravel":{"dont-discover":[]}},"require":{"php":">=7.1.3","fideloper/proxy":"~4.0","laravel/framework":"5.6.*","laravel/tinker":"~1.0"},"require-dev":{"filp/whoops":"~2.0","nunomaduro/collision":"~1.1","fzaninotto/faker":"~1.4","mockery/mockery":"~1.0","phpunit/phpunit":"~7.0","symfony/thanks":"^1.0"},"uid":1898730},"v5.6.12":{"name":"laravel/laravel","description":"The Laravel Framework.","keywords":["framework","laravel"],"homepage":"","version":"v5.6.12","version_normalized":"5.6.12.0","license":["MIT"],"authors":[],"source":{"type":"git","url":"https://github.com/laravel/laravel.git","reference":"4369e9144ce1062941eda2b19772dbdcb10e9027"},"dist":{"type":"zip","url":"https://api.github.com/repos/laravel/laravel/zipball/4369e9144ce1062941eda2b19772dbdcb10e9027","reference":"4369e9144ce1062941eda2b19772dbdcb10e9027","shasum":""},"type":"project","time":"2018-03-14T17:40:35+00:00","autoload":{"classmap":["database/seeds","database/factories"],"psr-4":{"App\\":"app/"}},"extra":{"laravel":{"dont-discover":[]}},"require":{"php":"^7.1.3","fideloper/proxy":"^4.0","laravel/framework":"5.6.*","laravel/tinker":"^1.0"},"require-dev":{"filp/whoops":"^2.0","fzaninotto/faker":"^1.4","mockery/mockery":"^1.0","nunomaduro/collision":"^2.0","phpunit/phpunit":"^7.0"},"uid":1991528},"v5.6.21":{"name":"laravel/laravel","description":"The Laravel Framework.","keywords":["framework","laravel"],"homepage":"","version":"v5.6.21","version_normalized":"5.6.21.0","license":["MIT"],"authors":[],"source":{"type":"git","url":"https://github.com/laravel/laravel.git","reference":"3f92cf66f53b3b53467497acc0d2a00cbd7b65f0"},"dist":{"type":"zip","url":"https://api.github.com/repos/laravel/laravel/zipball/3f92cf66f53b3b53467497acc0d2a00cbd7b65f0","reference":"3f92cf66f53b3b53467497acc0d2a00cbd7b65f0","shasum":""},"type":"project","time":"2018-05-08T19:42:54+00:00","autoload":{"classmap":["database/seeds","database/factories"],"psr-4":{"App\\":"app/"}},"extra":{"laravel":{"dont-discover":[]}},"require":{"php":"^7.1.3","fideloper/proxy":"^4.0","laravel/framework":"5.6.*","laravel/tinker":"^1.0"},"require-dev":{"filp/whoops":"^2.0","fzaninotto/faker":"^1.4","mockery/mockery":"^1.0","nunomaduro/collision":"^2.0","phpunit/phpunit":"^7.0"},"uid":2178556},"v5.6.33":{"name":"laravel/laravel","description":"The Laravel Framework.","keywords":["framework","laravel"],"homepage":"","version":"v5.6.33","version_normalized":"5.6.33.0","license":["MIT"],"authors":[],"source":{"type":"git","url":"https://github.com/laravel/laravel.git","reference":"0d5c1c81ff6faafbd8cc995aa3d0cd1b155df4c3"},"dist":{"type":"zip","url":"https://api.github.com/repos/laravel/laravel/zipball/0d5c1c81ff6faafbd8cc995aa3d0cd1b155df4c3","reference":"0d5c1c81ff6faafbd8cc995aa3d0cd1b155df4c3","shasum":""},"type":"project","time":"2018-08-13T13:43:48+00:00","autoload":{"classmap":["database/seeds","database/factories"],"psr-4":{"App\\":"app/"}},"extra":{"laravel":{"dont-discover":[]}},"require":{"php":"^7.1.3","fideloper/proxy":"^4.0","laravel/framework":"5.6.*","laravel/tinker":"^1.0"},"require-dev":{"filp/whoops":"^2.0","fzaninotto/faker":"^1.4","mockery/mockery":"^1.0","nunomaduro/collision":"^2.0","phpunit/phpunit":"^7.0"},"uid":2400466},"v5.6.7":{"name":"laravel/laravel","description":"The Laravel Framework.","keywords":["framework","laravel"],"homepage":"","version":"v5.6.7","version_normalized":"5.6.7.0","license":["MIT"],"authors":[],"source":{"type":"git","url":"https://github.com/laravel/laravel.git","reference":"324dda65ba08af0c039708b6c29c0fcb5eb99a1c"},"dist":{"type":"zip","url":"https://api.github.com/repos/laravel/laravel/zipball/324dda65ba08af0c039708b6c29c0fcb5eb99a1c","reference":"324dda65ba08af0c039708b6c29c0fcb5eb99a1c","shasum":""},"type":"project","time":"2018-02-27T20:32:31+00:00","autoload":{"classmap":["database/seeds","database/factories"],"psr-4":{"App\\":"app/"}},"extra":{"laravel":{"dont-discover":[]}},"require":{"php":">=7.1.3","fideloper/proxy":"~4.0","laravel/framework":"5.6.*","laravel/tinker":"~1.0"},"require-dev":{"filp/whoops":"~2.0","fzaninotto/faker":"~1.4","mockery/mockery":"~1.0","nunomaduro/collision":"~2.0","phpunit/phpunit":"~7.0","symfony/thanks":"^1.0"},"uid":1953989},"v5.7.0":{"name":"laravel/laravel","description":"The Laravel Framework.","keywords":["framework","laravel"],"homepage":"","version":"v5.7.0","version_normalized":"5.7.0.0","license":["MIT"],"authors":[],"source":{"type":"git","url":"https://github.com/laravel/laravel.git","reference":"b0651d2467f1428eadc505e1b3b4f5678611927c"},"dist":{"type":"zip","url":"https://api.github.com/repos/laravel/laravel/zipball/b0651d2467f1428eadc505e1b3b4f5678611927c","reference":"b0651d2467f1428eadc505e1b3b4f5678611927c","shasum":""},"type":"project","time":"2018-09-04T13:12:22+00:00","autoload":{"classmap":["database/seeds","database/factories"],"psr-4":{"App\\":"app/"}},"extra":{"laravel":{"dont-discover":[]}},"require":{"php":"^7.1.3","fideloper/proxy":"^4.0","laravel/framework":"5.7.*","laravel/tinker":"^1.0"},"require-dev":{"beyondcode/laravel-dump-server":"^1.0","filp/whoops":"^2.0","fzaninotto/faker":"^1.4","mockery/mockery":"^1.0","nunomaduro/collision":"^2.0","phpunit/phpunit":"^7.0"},"uid":2442446},"v5.7.13":{"name":"laravel/laravel","description":"The Laravel Framework.","keywords":["framework","laravel"],"homepage":"","version":"v5.7.13","version_normalized":"5.7.13.0","license":["MIT"],"authors":[],"source":{"type":"git","url":"https://github.com/laravel/laravel.git","reference":"c09519f547ae7a97eb26433f159cd81b8753e666"},"dist":{"type":"zip","url":"https://api.github.com/repos/laravel/laravel/zipball/c09519f547ae7a97eb26433f159cd81b8753e666","reference":"c09519f547ae7a97eb26433f159cd81b8753e666","shasum":""},"type":"project","time":"2018-11-08T00:05:31+00:00","autoload":{"classmap":["database/seeds","database/factories"],"psr-4":{"App\\":"app/"}},"extra":{"laravel":{"dont-discover":[]}},"require":{"php":"^7.1.3","fideloper/proxy":"^4.0","laravel/framework":"5.7.*","laravel/tinker":"^1.0"},"require-dev":{"beyondcode/laravel-dump-server":"^1.0","filp/whoops":"^2.0","fzaninotto/faker":"^1.4","mockery/mockery":"^1.0","nunomaduro/collision":"^2.0","phpunit/phpunit":"^7.0"},"uid":2567854},"v5.7.15":{"name":"laravel/laravel","description":"The Laravel Framework.","keywords":["framework","laravel"],"homepage":"","version":"v5.7.15","version_normalized":"5.7.15.0","license":["MIT"],"authors":[],"source":{"type":"git","url":"https://github.com/laravel/laravel.git","reference":"2a483bbf60566cab6fbd0340fb3877fc09889bc3"},"dist":{"type":"zip","url":"https://api.github.com/repos/laravel/laravel/zipball/2a483bbf60566cab6fbd0340fb3877fc09889bc3","reference":"2a483bbf60566cab6fbd0340fb3877fc09889bc3","shasum":""},"type":"project","time":"2018-11-22T14:28:25+00:00","autoload":{"psr-4":{"App\\":"app/"},"classmap":["database/seeds","database/factories"]},"extra":{"laravel":{"dont-discover":[]}},"require":{"php":"^7.1.3","fideloper/proxy":"^4.0","laravel/framework":"5.7.*","laravel/tinker":"^1.0"},"require-dev":{"beyondcode/laravel-dump-server":"^1.0","filp/whoops":"^2.0","fzaninotto/faker":"^1.4","mockery/mockery":"^1.0","nunomaduro/collision":"^2.0","phpunit/phpunit":"^7.0"},"uid":2602055},"v5.7.19":{"name":"laravel/laravel","description":"The Laravel Framework.","keywords":["framework","laravel"],"homepage":"","version":"v5.7.19","version_normalized":"5.7.19.0","license":["MIT"],"authors":[],"source":{"type":"git","url":"https://github.com/laravel/laravel.git","reference":"70532dd8ae1eb4cf27c66c92d8bc6fa4ed2c7a18"},"dist":{"type":"zip","url":"https://api.github.com/repos/laravel/laravel/zipball/70532dd8ae1eb4cf27c66c92d8bc6fa4ed2c7a18","reference":"70532dd8ae1eb4cf27c66c92d8bc6fa4ed2c7a18","shasum":""},"type":"project","time":"2018-12-15T14:37:28+00:00","autoload":{"psr-4":{"App\\":"app/"},"classmap":["database/seeds","database/factories"]},"extra":{"laravel":{"dont-discover":[]}},"require":{"php":"^7.1.3","fideloper/proxy":"^4.0","laravel/framework":"5.7.*","laravel/tinker":"^1.0"},"require-dev":{"beyondcode/laravel-dump-server":"^1.0","filp/whoops":"^2.0","fzaninotto/faker":"^1.4","mockery/mockery":"^1.0","nunomaduro/collision":"^2.0","phpunit/phpunit":"^7.0"},"uid":2645987},"v5.7.28":{"name":"laravel/laravel","description":"The Laravel Framework.","keywords":["framework","laravel"],"homepage":"","version":"v5.7.28","version_normalized":"5.7.28.0","license":["MIT"],"authors":[],"source":{"type":"git","url":"https://github.com/laravel/laravel.git","reference":"2a1f3761e89df690190e9f50a6b4ac5ebb8b35a3"},"dist":{"type":"zip","url":"https://api.github.com/repos/laravel/laravel/zipball/2a1f3761e89df690190e9f50a6b4ac5ebb8b35a3","reference":"2a1f3761e89df690190e9f50a6b4ac5ebb8b35a3","shasum":""},"type":"project","time":"2019-02-05T17:46:48+00:00","autoload":{"psr-4":{"App\\":"app/"},"classmap":["database/seeds","database/factories"]},"extra":{"laravel":{"dont-discover":[]}},"require":{"php":"^7.1.3","fideloper/proxy":"^4.0","laravel/framework":"5.7.*","laravel/tinker":"^1.0"},"require-dev":{"beyondcode/laravel-dump-server":"^1.0","filp/whoops":"^2.0","fzaninotto/faker":"^1.4","mockery/mockery":"^1.0","nunomaduro/collision":"^2.0","phpunit/phpunit":"^7.0"},"uid":2797165},"v5.8.0":{"name":"laravel/laravel","description":"The Laravel Framework.","keywords":["framework","laravel"],"homepage":"","version":"v5.8.0","version_normalized":"5.8.0.0","license":["MIT"],"authors":[],"source":{"type":"git","url":"https://github.com/laravel/laravel.git","reference":"f191f6f9c37347999e1fafb469bb88331ebf13c0"},"dist":{"type":"zip","url":"https://api.github.com/repos/laravel/laravel/zipball/f191f6f9c37347999e1fafb469bb88331ebf13c0","reference":"f191f6f9c37347999e1fafb469bb88331ebf13c0","shasum":""},"type":"project","time":"2019-02-26T15:42:51+00:00","autoload":{"psr-4":{"App\\":"app/"},"classmap":["database/seeds","database/factories"]},"extra":{"laravel":{"dont-discover":[]}},"require":{"php":"^7.1.3","fideloper/proxy":"^4.0","laravel/framework":"5.8.*","laravel/tinker":"^1.0"},"require-dev":{"beyondcode/laravel-dump-server":"^1.0","filp/whoops":"^2.0","fzaninotto/faker":"^1.4","mockery/mockery":"^1.0","nunomaduro/collision":"^2.0","phpunit/phpunit":"^7.5"},"uid":2797174},"v5.8.16":{"name":"laravel/laravel","description":"The Laravel Framework.","keywords":["framework","laravel"],"homepage":"","version":"v5.8.16","version_normalized":"5.8.16.0","license":["MIT"],"authors":[],"source":{"type":"git","url":"https://github.com/laravel/laravel.git","reference":"fbd3ad7bbb5e98c607f19f7c697552863363bde4"},"dist":{"type":"zip","url":"https://api.github.com/repos/laravel/laravel/zipball/fbd3ad7bbb5e98c607f19f7c697552863363bde4","reference":"fbd3ad7bbb5e98c607f19f7c697552863363bde4","shasum":""},"type":"project","time":"2019-05-07T15:19:27+00:00","autoload":{"psr-4":{"App\\":"app/"},"classmap":["database/seeds","database/factories"]},"extra":{"laravel":{"dont-discover":[]}},"require":{"php":"^7.1.3","fideloper/proxy":"^4.0","laravel/framework":"5.8.*","laravel/tinker":"^1.0"},"require-dev":{"beyondcode/laravel-dump-server":"^1.0","filp/whoops":"^2.0","fzaninotto/faker":"^1.4","mockery/mockery":"^1.0","nunomaduro/collision":"^3.0","phpunit/phpunit":"^7.5"},"uid":2946088},"v5.8.17":{"name":"laravel/laravel","description":"The Laravel Framework.","keywords":["framework","laravel"],"homepage":"","version":"v5.8.17","version_normalized":"5.8.17.0","license":["MIT"],"authors":[],"source":{"type":"git","url":"https://github.com/laravel/laravel.git","reference":"f8e455e358046e59deb17b555b8949059a38ff77"},"dist":{"type":"zip","url":"https://api.github.com/repos/laravel/laravel/zipball/f8e455e358046e59deb17b555b8949059a38ff77","reference":"f8e455e358046e59deb17b555b8949059a38ff77","shasum":""},"type":"project","time":"2019-05-14T13:28:37+00:00","autoload":{"psr-4":{"App\\":"app/"},"classmap":["database/seeds","database/factories"]},"extra":{"laravel":{"dont-discover":[]}},"require":{"php":"^7.1.3","fideloper/proxy":"^4.0","laravel/framework":"5.8.*","laravel/tinker":"^1.0"},"require-dev":{"beyondcode/laravel-dump-server":"^1.0","filp/whoops":"^2.0","fzaninotto/faker":"^1.4","mockery/mockery":"^1.0","nunomaduro/collision":"^3.0","phpunit/phpunit":"^7.5"},"uid":2961178},"v5.8.3":{"name":"laravel/laravel","description":"The Laravel Framework.","keywords":["framework","laravel"],"homepage":"","version":"v5.8.3","version_normalized":"5.8.3.0","license":["MIT"],"authors":[],"source":{"type":"git","url":"https://github.com/laravel/laravel.git","reference":"3001f3c6e232ba7ce2ecdbdfe6e43b4c64ee05ad"},"dist":{"type":"zip","url":"https://api.github.com/repos/laravel/laravel/zipball/3001f3c6e232ba7ce2ecdbdfe6e43b4c64ee05ad","reference":"3001f3c6e232ba7ce2ecdbdfe6e43b4c64ee05ad","shasum":""},"type":"project","time":"2019-02-28T20:31:42+00:00","autoload":{"psr-4":{"App\\":"app/"},"classmap":["database/seeds","database/factories"]},"extra":{"laravel":{"dont-discover":[]}},"require":{"php":"^7.1.3","fideloper/proxy":"^4.0","laravel/framework":"5.8.*","laravel/tinker":"^1.0"},"require-dev":{"beyondcode/laravel-dump-server":"^1.0","filp/whoops":"^2.0","fzaninotto/faker":"^1.4","mockery/mockery":"^1.0","nunomaduro/collision":"^2.0","phpunit/phpunit":"^7.5"},"uid":2813047}},"mifesta/mobiledetect-laravel":{"1.1":{"name":"mifesta/mobiledetect-laravel","description":"Mobile_Detect is a lightweight PHP class for detecting mobile devices. It uses the User-Agent string combined with specific HTTP headers to detect the mobile environment.","keywords":["mobile","mobile detect","mobile detector","php mobile detect","detect mobile devices","laravel mobile detect"],"homepage":"https://github.com/mifesta/MobileDetectLaravel","version":"1.1","version_normalized":"1.1.0.0","license":["MIT"],"authors":[{"name":"Sergei Gruzdov","email":"cardee@mifesta.com","homepage":"https://mifesta.com"}],"source":{"type":"git","url":"https://github.com/Mifesta/MobileDetectLaravel.git","reference":"0cb761e234d63787900717a7446dfefbf38ced00"},"dist":{"type":"zip","url":"https://api.github.com/repos/Mifesta/MobileDetectLaravel/zipball/0cb761e234d63787900717a7446dfefbf38ced00","reference":"0cb761e234d63787900717a7446dfefbf38ced00","shasum":""},"type":"library","time":"2018-08-29T12:52:33+00:00","autoload":{"psr-4":{"MifestaClientBrowserData\\":"src/"}},"require":{"mobiledetect/mobiledetectlib":"2.8.*"},"provide":{"laravel/laravel":"5.6.*"},"uid":2428093},"1.3":{"name":"mifesta/mobiledetect-laravel","description":"Mobile_Detect is a lightweight PHP class for detecting mobile devices. It uses the User-Agent string combined with specific HTTP headers to detect the mobile environment.","keywords":["mobile","mobile detect","mobile detector","php mobile detect","detect mobile devices","laravel mobile detect"],"homepage":"https://github.com/mifesta/MobileDetectLaravel","version":"1.3","version_normalized":"1.3.0.0","license":["MIT"],"authors":[{"name":"Sergei Gruzdov","email":"cardee@mifesta.com","homepage":"https://mifesta.com"}],"source":{"type":"git","url":"https://github.com/Mifesta/MobileDetectLaravel.git","reference":"aa04ffb9eae28d9cca7e4be1f71233d1f64cf99f"},"dist":{"type":"zip","url":"https://api.github.com/repos/Mifesta/MobileDetectLaravel/zipball/aa04ffb9eae28d9cca7e4be1f71233d1f64cf99f","reference":"aa04ffb9eae28d9cca7e4be1f71233d1f64cf99f","shasum":""},"type":"library","time":"2019-03-11T14:30:17+00:00","autoload":{"psr-4":{"MifestaClientBrowserData\\":"src/"}},"require":{"mobiledetect/mobiledetectlib":"2.8.*"},"provide":{"laravel/laravel":"5.*"},"uid":2824707},"dev-master":{"name":"mifesta/mobiledetect-laravel","description":"Mobile_Detect is a lightweight PHP class for detecting mobile devices. It uses the User-Agent string combined with specific HTTP headers to detect the mobile environment.","keywords":["mobile","mobile detect","mobile detector","php mobile detect","detect mobile devices","laravel mobile detect"],"homepage":"https://github.com/mifesta/MobileDetectLaravel","version":"dev-master","version_normalized":"9999999-dev","license":["MIT"],"authors":[{"name":"Sergei Gruzdov","email":"cardee@mifesta.com","homepage":"https://mifesta.com"}],"source":{"type":"git","url":"https://github.com/Mifesta/MobileDetectLaravel.git","reference":"aa04ffb9eae28d9cca7e4be1f71233d1f64cf99f"},"dist":{"type":"zip","url":"https://api.github.com/repos/Mifesta/MobileDetectLaravel/zipball/aa04ffb9eae28d9cca7e4be1f71233d1f64cf99f","reference":"aa04ffb9eae28d9cca7e4be1f71233d1f64cf99f","shasum":""},"type":"library","time":"2019-03-11T14:30:17+00:00","autoload":{"psr-4":{"MifestaClientBrowserData\\":"src/"}},"require":{"mobiledetect/mobiledetectlib":"2.8.*"},"provide":{"laravel/laravel":"5.*"},"uid":2428094}}}}