{"packages":{"erusev/parsedown":{"0.1.0":{"name":"erusev/parsedown","description":"Parser for Markdown.","keywords":["parser","markdown"],"homepage":"http://parsedown.org","version":"0.1.0","version_normalized":"0.1.0.0","license":["MIT"],"authors":[{"name":"Emanuil Rusev","email":"hello@erusev.com","homepage":"http://erusev.com"}],"source":{"type":"git","url":"https://github.com/erusev/parsedown.git","reference":"c1bbcb1abd73ce7dcec05fb07f9b0d3c4260611f"},"dist":{"type":"zip","url":"https://api.github.com/repos/erusev/parsedown/zipball/c1bbcb1abd73ce7dcec05fb07f9b0d3c4260611f","reference":"c1bbcb1abd73ce7dcec05fb07f9b0d3c4260611f","shasum":""},"type":"library","time":"2013-07-10T21:33:44+00:00","autoload":{"psr-0":{"Parsedown":""}},"uid":68252},"0.1.1":{"name":"erusev/parsedown","description":"Parser for Markdown.","keywords":["parser","markdown"],"homepage":"http://parsedown.org","version":"0.1.1","version_normalized":"0.1.1.0","license":["MIT"],"authors":[{"name":"Emanuil Rusev","email":"hello@erusev.com","homepage":"http://erusev.com"}],"source":{"type":"git","url":"https://github.com/erusev/parsedown.git","reference":"8954b945167533457e3284f032ed0325f5f369a2"},"dist":{"type":"zip","url":"https://api.github.com/repos/erusev/parsedown/zipball/8954b945167533457e3284f032ed0325f5f369a2","reference":"8954b945167533457e3284f032ed0325f5f369a2","shasum":""},"type":"library","time":"2013-07-23T21:52:35+00:00","autoload":{"psr-0":{"Parsedown":""}},"uid":71304},"0.1.2":{"name":"erusev/parsedown","description":"Parser for Markdown.","keywords":["parser","markdown"],"homepage":"http://parsedown.org","version":"0.1.2","version_normalized":"0.1.2.0","license":["MIT"],"authors":[{"name":"Emanuil Rusev","email":"hello@erusev.com","homepage":"http://erusev.com"}],"source":{"type":"git","url":"https://github.com/erusev/parsedown.git","reference":"5aad1d42d22d7a3ae0df1b45524e4ea617230c4f"},"dist":{"type":"zip","url":"https://api.github.com/repos/erusev/parsedown/zipball/5aad1d42d22d7a3ae0df1b45524e4ea617230c4f","reference":"5aad1d42d22d7a3ae0df1b45524e4ea617230c4f","shasum":""},"type":"library","time":"2013-07-24T22:33:40+00:00","autoload":{"psr-0":{"Parsedown":""}},"uid":71625},"0.1.3":{"name":"erusev/parsedown","description":"Parser for Markdown.","keywords":["parser","markdown"],"homepage":"http://parsedown.org","version":"0.1.3","version_normalized":"0.1.3.0","license":["MIT"],"authors":[{"name":"Emanuil Rusev","email":"hello@erusev.com","homepage":"http://erusev.com"}],"source":{"type":"git","url":"https://github.com/erusev/parsedown.git","reference":"609ad47c3804f76bc66e8587fb7ef90897226871"},"dist":{"type":"zip","url":"https://api.github.com/repos/erusev/parsedown/zipball/609ad47c3804f76bc66e8587fb7ef90897226871","reference":"609ad47c3804f76bc66e8587fb7ef90897226871","shasum":""},"type":"library","time":"2013-07-25T21:08:52+00:00","autoload":{"psr-0":{"Parsedown":""}},"uid":71902},"0.1.4":{"name":"erusev/parsedown","description":"Parser for Markdown.","keywords":["parser","markdown"],"homepage":"http://parsedown.org","version":"0.1.4","version_normalized":"0.1.4.0","license":["MIT"],"authors":[{"name":"Emanuil Rusev","email":"hello@erusev.com","homepage":"http://erusev.com"}],"source":{"type":"git","url":"https://github.com/erusev/parsedown.git","reference":"0352f01c7eb8a61df372a7b55212a80b0f37e04b"},"dist":{"type":"zip","url":"https://api.github.com/repos/erusev/parsedown/zipball/0352f01c7eb8a61df372a7b55212a80b0f37e04b","reference":"0352f01c7eb8a61df372a7b55212a80b0f37e04b","shasum":""},"type":"library","time":"2013-08-31T18:44:23+00:00","autoload":{"psr-0":{"Parsedown":""}},"uid":81208},"0.1.5":{"name":"erusev/parsedown","description":"Parser for Markdown.","keywords":["parser","markdown"],"homepage":"http://parsedown.org","version":"0.1.5","version_normalized":"0.1.5.0","license":["MIT"],"authors":[{"name":"Emanuil Rusev","email":"hello@erusev.com","homepage":"http://erusev.com"}],"source":{"type":"git","url":"https://github.com/erusev/parsedown.git","reference":"4af89c50877d7305d4122840327e60211dd0349e"},"dist":{"type":"zip","url":"https://api.github.com/repos/erusev/parsedown/zipball/4af89c50877d7305d4122840327e60211dd0349e","reference":"4af89c50877d7305d4122840327e60211dd0349e","shasum":""},"type":"library","time":"2013-08-31T19:27:38+00:00","autoload":{"psr-0":{"Parsedown":""}},"uid":81419},"0.2.0":{"name":"erusev/parsedown","description":"Parser for Markdown.","keywords":["parser","markdown"],"homepage":"http://parsedown.org","version":"0.2.0","version_normalized":"0.2.0.0","license":["MIT"],"authors":[{"name":"Emanuil Rusev","email":"hello@erusev.com","homepage":"http://erusev.com"}],"source":{"type":"git","url":"https://github.com/erusev/parsedown.git","reference":"5dd40e7adf64aaf7c49225c18215ea3a8b28341b"},"dist":{"type":"zip","url":"https://api.github.com/repos/erusev/parsedown/zipball/5dd40e7adf64aaf7c49225c18215ea3a8b28341b","reference":"5dd40e7adf64aaf7c49225c18215ea3a8b28341b","shasum":""},"type":"library","time":"2013-09-24T19:53:42+00:00","autoload":{"psr-0":{"Parsedown":""}},"uid":86773},"0.2.1":{"name":"erusev/parsedown","description":"Parser for Markdown.","keywords":["parser","markdown"],"homepage":"http://parsedown.org","version":"0.2.1","version_normalized":"0.2.1.0","license":["MIT"],"authors":[{"name":"Emanuil Rusev","email":"hello@erusev.com","homepage":"http://erusev.com"}],"source":{"type":"git","url":"https://github.com/erusev/parsedown.git","reference":"f43f54b877e4ede033a4c5d768735f6c998194ac"},"dist":{"type":"zip","url":"https://api.github.com/repos/erusev/parsedown/zipball/f43f54b877e4ede033a4c5d768735f6c998194ac","reference":"f43f54b877e4ede033a4c5d768735f6c998194ac","shasum":""},"type":"library","time":"2013-10-22T21:50:32+00:00","autoload":{"psr-0":{"Parsedown":""}},"uid":94302},"0.3.0":{"name":"erusev/parsedown","description":"Parser for Markdown.","keywords":["parser","markdown"],"homepage":"http://parsedown.org","version":"0.3.0","version_normalized":"0.3.0.0","license":["MIT"],"authors":[{"name":"Emanuil Rusev","email":"hello@erusev.com","homepage":"http://erusev.com"}],"source":{"type":"git","url":"https://github.com/erusev/parsedown.git","reference":"2e314ad4745a199830d0a4951820853b43db728f"},"dist":{"type":"zip","url":"https://api.github.com/repos/erusev/parsedown/zipball/2e314ad4745a199830d0a4951820853b43db728f","reference":"2e314ad4745a199830d0a4951820853b43db728f","shasum":""},"type":"library","time":"2013-11-02T19:42:55+00:00","autoload":{"psr-0":{"Parsedown":""}},"uid":97607},"0.4.0":{"name":"erusev/parsedown","description":"Parser for Markdown.","keywords":["parser","markdown"],"homepage":"http://parsedown.org","version":"0.4.0","version_normalized":"0.4.0.0","license":["MIT"],"authors":[{"name":"Emanuil Rusev","email":"hello@erusev.com","homepage":"http://erusev.com"}],"source":{"type":"git","url":"https://github.com/erusev/parsedown.git","reference":"6d113f47fba1718bce41ed60c4ad2eccd468c89f"},"dist":{"type":"zip","url":"https://api.github.com/repos/erusev/parsedown/zipball/6d113f47fba1718bce41ed60c4ad2eccd468c89f","reference":"6d113f47fba1718bce41ed60c4ad2eccd468c89f","shasum":""},"type":"library","time":"2013-11-04T07:28:50+00:00","autoload":{"psr-0":{"Parsedown":""}},"uid":97877},"0.4.1":{"name":"erusev/parsedown","description":"Parser for Markdown.","keywords":["parser","markdown"],"homepage":"http://parsedown.org","version":"0.4.1","version_normalized":"0.4.1.0","license":["MIT"],"authors":[{"name":"Emanuil Rusev","email":"hello@erusev.com","homepage":"http://erusev.com"}],"source":{"type":"git","url":"https://github.com/erusev/parsedown.git","reference":"b12973415f05ece9864f9400935941d7a5ad3cd1"},"dist":{"type":"zip","url":"https://api.github.com/repos/erusev/parsedown/zipball/b12973415f05ece9864f9400935941d7a5ad3cd1","reference":"b12973415f05ece9864f9400935941d7a5ad3cd1","shasum":""},"type":"library","time":"2013-11-04T22:57:16+00:00","autoload":{"psr-0":{"Parsedown":""}},"uid":98100},"0.4.2":{"name":"erusev/parsedown","description":"Parser for Markdown.","keywords":["parser","markdown"],"homepage":"http://parsedown.org","version":"0.4.2","version_normalized":"0.4.2.0","license":["MIT"],"authors":[{"name":"Emanuil Rusev","email":"hello@erusev.com","homepage":"http://erusev.com"}],"source":{"type":"git","url":"https://github.com/erusev/parsedown.git","reference":"7249d02cffa0a3d3924b28a0b45569697d5ee299"},"dist":{"type":"zip","url":"https://api.github.com/repos/erusev/parsedown/zipball/7249d02cffa0a3d3924b28a0b45569697d5ee299","reference":"7249d02cffa0a3d3924b28a0b45569697d5ee299","shasum":""},"type":"library","time":"2013-11-05T08:21:48+00:00","autoload":{"psr-0":{"Parsedown":""}},"uid":98161},"0.4.3":{"name":"erusev/parsedown","description":"Parser for Markdown.","keywords":["parser","markdown"],"homepage":"http://parsedown.org","version":"0.4.3","version_normalized":"0.4.3.0","license":["MIT"],"authors":[{"name":"Emanuil Rusev","email":"hello@erusev.com","homepage":"http://erusev.com"}],"source":{"type":"git","url":"https://github.com/erusev/parsedown.git","reference":"0e9202689e22a047943a8533d0f63caf84c5ee4a"},"dist":{"type":"zip","url":"https://api.github.com/repos/erusev/parsedown/zipball/0e9202689e22a047943a8533d0f63caf84c5ee4a","reference":"0e9202689e22a047943a8533d0f63caf84c5ee4a","shasum":""},"type":"library","time":"2013-11-05T19:40:33+00:00","autoload":{"psr-0":{"Parsedown":""}},"uid":98377},"0.4.4":{"name":"erusev/parsedown","description":"Parser for Markdown.","keywords":["parser","markdown"],"homepage":"http://parsedown.org","version":"0.4.4","version_normalized":"0.4.4.0","license":["MIT"],"authors":[{"name":"Emanuil Rusev","email":"hello@erusev.com","homepage":"http://erusev.com"}],"source":{"type":"git","url":"https://github.com/erusev/parsedown.git","reference":"400c8f7d4617aa6c47c574c81c161f8e5380fd2d"},"dist":{"type":"zip","url":"https://api.github.com/repos/erusev/parsedown/zipball/400c8f7d4617aa6c47c574c81c161f8e5380fd2d","reference":"400c8f7d4617aa6c47c574c81c161f8e5380fd2d","shasum":""},"type":"library","time":"2013-11-07T22:24:40+00:00","autoload":{"psr-0":{"Parsedown":""}},"uid":99098},"0.4.5":{"name":"erusev/parsedown","description":"Parser for Markdown.","keywords":["parser","markdown"],"homepage":"http://parsedown.org","version":"0.4.5","version_normalized":"0.4.5.0","license":["MIT"],"authors":[{"name":"Emanuil Rusev","email":"hello@erusev.com","homepage":"http://erusev.com"}],"source":{"type":"git","url":"https://github.com/erusev/parsedown.git","reference":"4403fe4d96dbb3f495e206ca0613d0e1b702559e"},"dist":{"type":"zip","url":"https://api.github.com/repos/erusev/parsedown/zipball/4403fe4d96dbb3f495e206ca0613d0e1b702559e","reference":"4403fe4d96dbb3f495e206ca0613d0e1b702559e","shasum":""},"type":"library","time":"2013-11-08T19:59:26+00:00","autoload":{"psr-0":{"Parsedown":""}},"uid":99382},"0.4.6":{"name":"erusev/parsedown","description":"Parser for Markdown.","keywords":["parser","markdown"],"homepage":"http://parsedown.org","version":"0.4.6","version_normalized":"0.4.6.0","license":["MIT"],"authors":[{"name":"Emanuil Rusev","email":"hello@erusev.com","homepage":"http://erusev.com"}],"source":{"type":"git","url":"https://github.com/erusev/parsedown.git","reference":"df3db716981e632305b46e47510d81b5428b1068"},"dist":{"type":"zip","url":"https://api.github.com/repos/erusev/parsedown/zipball/df3db716981e632305b46e47510d81b5428b1068","reference":"df3db716981e632305b46e47510d81b5428b1068","shasum":""},"type":"library","time":"2013-11-10T09:02:18+00:00","autoload":{"psr-0":{"Parsedown":""}},"uid":99633},"0.4.7":{"name":"erusev/parsedown","description":"Parser for Markdown.","keywords":["parser","markdown"],"homepage":"http://parsedown.org","version":"0.4.7","version_normalized":"0.4.7.0","license":["MIT"],"authors":[{"name":"Emanuil Rusev","email":"hello@erusev.com","homepage":"http://erusev.com"}],"source":{"type":"git","url":"https://github.com/erusev/parsedown.git","reference":"a4fb0651d54e66f705fec3194e8c42f2a4d9ea6b"},"dist":{"type":"zip","url":"https://api.github.com/repos/erusev/parsedown/zipball/a4fb0651d54e66f705fec3194e8c42f2a4d9ea6b","reference":"a4fb0651d54e66f705fec3194e8c42f2a4d9ea6b","shasum":""},"type":"library","time":"2013-11-12T23:07:39+00:00","autoload":{"psr-0":{"Parsedown":""}},"uid":100400},"0.4.8":{"name":"erusev/parsedown","description":"Parser for Markdown.","keywords":["parser","markdown"],"homepage":"http://parsedown.org","version":"0.4.8","version_normalized":"0.4.8.0","license":["MIT"],"authors":[{"name":"Emanuil Rusev","email":"hello@erusev.com","homepage":"http://erusev.com"}],"source":{"type":"git","url":"https://github.com/erusev/parsedown.git","reference":"e497acb6dcf156e91506752ee79e7c53eb8f94df"},"dist":{"type":"zip","url":"https://api.github.com/repos/erusev/parsedown/zipball/e497acb6dcf156e91506752ee79e7c53eb8f94df","reference":"e497acb6dcf156e91506752ee79e7c53eb8f94df","shasum":""},"type":"library","time":"2013-11-16T00:05:31+00:00","autoload":{"psr-0":{"Parsedown":""}},"uid":101536},"0.5.0":{"name":"erusev/parsedown","description":"Parser for Markdown.","keywords":["parser","markdown"],"homepage":"http://parsedown.org","version":"0.5.0","version_normalized":"0.5.0.0","license":["MIT"],"authors":[{"name":"Emanuil Rusev","email":"hello@erusev.com","homepage":"http://erusev.com"}],"source":{"type":"git","url":"https://github.com/erusev/parsedown.git","reference":"67b51794d8ea5a2bd3ebde18130a0d9731614b56"},"dist":{"type":"zip","url":"https://api.github.com/repos/erusev/parsedown/zipball/67b51794d8ea5a2bd3ebde18130a0d9731614b56","reference":"67b51794d8ea5a2bd3ebde18130a0d9731614b56","shasum":""},"type":"library","time":"2013-11-17T14:52:31+00:00","autoload":{"psr-0":{"Parsedown":""}},"uid":101944},"0.6.0":{"name":"erusev/parsedown","description":"Parser for Markdown.","keywords":["parser","markdown"],"homepage":"http://parsedown.org","version":"0.6.0","version_normalized":"0.6.0.0","license":["MIT"],"authors":[{"name":"Emanuil Rusev","email":"hello@erusev.com","homepage":"http://erusev.com"}],"source":{"type":"git","url":"https://github.com/erusev/parsedown.git","reference":"e3b8026e39836caf1c67a9055131094ad5722776"},"dist":{"type":"zip","url":"https://api.github.com/repos/erusev/parsedown/zipball/e3b8026e39836caf1c67a9055131094ad5722776","reference":"e3b8026e39836caf1c67a9055131094ad5722776","shasum":""},"type":"library","time":"2013-11-18T20:39:44+00:00","autoload":{"psr-0":{"Parsedown":""}},"uid":103071},"0.7.0":{"name":"erusev/parsedown","description":"Parser for Markdown.","keywords":["parser","markdown"],"homepage":"http://parsedown.org","version":"0.7.0","version_normalized":"0.7.0.0","license":["MIT"],"authors":[{"name":"Emanuil Rusev","email":"hello@erusev.com","homepage":"http://erusev.com"}],"source":{"type":"git","url":"https://github.com/erusev/parsedown.git","reference":"ddc5b7e2ddeaecc4d4dec181c10ebac00cfa6046"},"dist":{"type":"zip","url":"https://api.github.com/repos/erusev/parsedown/zipball/ddc5b7e2ddeaecc4d4dec181c10ebac00cfa6046","reference":"ddc5b7e2ddeaecc4d4dec181c10ebac00cfa6046","shasum":""},"type":"library","time":"2013-11-21T22:20:45+00:00","autoload":{"psr-0":{"Parsedown":""}},"uid":103364},"0.7.1":{"name":"erusev/parsedown","description":"Parser for Markdown.","keywords":["parser","markdown"],"homepage":"http://parsedown.org","version":"0.7.1","version_normalized":"0.7.1.0","license":["MIT"],"authors":[{"name":"Emanuil Rusev","email":"hello@erusev.com","homepage":"http://erusev.com"}],"source":{"type":"git","url":"https://github.com/erusev/parsedown.git","reference":"f5451a9efff1971863e2c012bc7e4354d932b790"},"dist":{"type":"zip","url":"https://api.github.com/repos/erusev/parsedown/zipball/f5451a9efff1971863e2c012bc7e4354d932b790","reference":"f5451a9efff1971863e2c012bc7e4354d932b790","shasum":""},"type":"library","time":"2013-11-22T21:23:21+00:00","autoload":{"psr-0":{"Parsedown":""}},"uid":103674},"0.7.2":{"name":"erusev/parsedown","description":"Parser for Markdown.","keywords":["parser","markdown"],"homepage":"http://parsedown.org","version":"0.7.2","version_normalized":"0.7.2.0","license":["MIT"],"authors":[{"name":"Emanuil Rusev","email":"hello@erusev.com","homepage":"http://erusev.com"}],"source":{"type":"git","url":"https://github.com/erusev/parsedown.git","reference":"3225c668636a13eb2460b2a1ca8f3a81f5f67405"},"dist":{"type":"zip","url":"https://api.github.com/repos/erusev/parsedown/zipball/3225c668636a13eb2460b2a1ca8f3a81f5f67405","reference":"3225c668636a13eb2460b2a1ca8f3a81f5f67405","shasum":""},"type":"library","time":"2013-11-23T11:19:06+00:00","autoload":{"psr-0":{"Parsedown":""}},"uid":103698},"0.7.3":{"name":"erusev/parsedown","description":"Parser for Markdown.","keywords":["parser","markdown"],"homepage":"http://parsedown.org","version":"0.7.3","version_normalized":"0.7.3.0","license":["MIT"],"authors":[{"name":"Emanuil Rusev","email":"hello@erusev.com","homepage":"http://erusev.com"}],"source":{"type":"git","url":"https://github.com/erusev/parsedown.git","reference":"7bb70186c1b01463b14c7ddf66e3c13b75966d0f"},"dist":{"type":"zip","url":"https://api.github.com/repos/erusev/parsedown/zipball/7bb70186c1b01463b14c7ddf66e3c13b75966d0f","reference":"7bb70186c1b01463b14c7ddf66e3c13b75966d0f","shasum":""},"type":"library","time":"2013-11-23T11:35:15+00:00","autoload":{"psr-0":{"Parsedown":""}},"uid":103700},"0.7.4":{"name":"erusev/parsedown","description":"Parser for Markdown.","keywords":["parser","markdown"],"homepage":"http://parsedown.org","version":"0.7.4","version_normalized":"0.7.4.0","license":["MIT"],"authors":[{"name":"Emanuil Rusev","email":"hello@erusev.com","homepage":"http://erusev.com"}],"source":{"type":"git","url":"https://github.com/erusev/parsedown.git","reference":"8baf537c122c9ec863a044a1f10b140aeaf9fa7a"},"dist":{"type":"zip","url":"https://api.github.com/repos/erusev/parsedown/zipball/8baf537c122c9ec863a044a1f10b140aeaf9fa7a","reference":"8baf537c122c9ec863a044a1f10b140aeaf9fa7a","shasum":""},"type":"library","time":"2013-12-02T21:26:43+00:00","autoload":{"psr-0":{"Parsedown":""}},"uid":106486},"0.7.5":{"name":"erusev/parsedown","description":"Parser for Markdown.","keywords":["parser","markdown"],"homepage":"http://parsedown.org","version":"0.7.5","version_normalized":"0.7.5.0","license":["MIT"],"authors":[{"name":"Emanuil Rusev","email":"hello@erusev.com","homepage":"http://erusev.com"}],"source":{"type":"git","url":"https://github.com/erusev/parsedown.git","reference":"85ad014f743dae28ad1c3d2535419ff2225ad960"},"dist":{"type":"zip","url":"https://api.github.com/repos/erusev/parsedown/zipball/85ad014f743dae28ad1c3d2535419ff2225ad960","reference":"85ad014f743dae28ad1c3d2535419ff2225ad960","shasum":""},"type":"library","time":"2013-12-05T23:43:55+00:00","autoload":{"psr-0":{"Parsedown":""}},"uid":107680},"0.7.6":{"name":"erusev/parsedown","description":"Parser for Markdown.","keywords":["parser","markdown"],"homepage":"http://parsedown.org","version":"0.7.6","version_normalized":"0.7.6.0","license":["MIT"],"authors":[{"name":"Emanuil Rusev","email":"hello@erusev.com","homepage":"http://erusev.com"}],"source":{"type":"git","url":"https://github.com/erusev/parsedown.git","reference":"51a08fad85be42abf1db08f5e646118762a16a2f"},"dist":{"type":"zip","url":"https://api.github.com/repos/erusev/parsedown/zipball/51a08fad85be42abf1db08f5e646118762a16a2f","reference":"51a08fad85be42abf1db08f5e646118762a16a2f","shasum":""},"type":"library","time":"2013-12-07T15:21:36+00:00","autoload":{"psr-0":{"Parsedown":""}},"uid":108784},"0.7.7":{"name":"erusev/parsedown","description":"Parser for Markdown.","keywords":["parser","markdown"],"homepage":"http://parsedown.org","version":"0.7.7","version_normalized":"0.7.7.0","license":["MIT"],"authors":[{"name":"Emanuil Rusev","email":"hello@erusev.com","homepage":"http://erusev.com"}],"source":{"type":"git","url":"https://github.com/erusev/parsedown.git","reference":"df6fe915c69477ff4fa2fb73177e606a5d279d78"},"dist":{"type":"zip","url":"https://api.github.com/repos/erusev/parsedown/zipball/df6fe915c69477ff4fa2fb73177e606a5d279d78","reference":"df6fe915c69477ff4fa2fb73177e606a5d279d78","shasum":""},"type":"library","time":"2013-12-18T18:36:06+00:00","autoload":{"psr-0":{"Parsedown":""}},"uid":113067},"0.8.0":{"name":"erusev/parsedown","description":"Parser for Markdown.","keywords":["parser","markdown"],"homepage":"http://parsedown.org","version":"0.8.0","version_normalized":"0.8.0.0","license":["MIT"],"authors":[{"name":"Emanuil Rusev","email":"hello@erusev.com","homepage":"http://erusev.com"}],"source":{"type":"git","url":"https://github.com/erusev/parsedown.git","reference":"47d8a1382be420881c9f236519f1c8927fc9fda7"},"dist":{"type":"zip","url":"https://api.github.com/repos/erusev/parsedown/zipball/47d8a1382be420881c9f236519f1c8927fc9fda7","reference":"47d8a1382be420881c9f236519f1c8927fc9fda7","shasum":""},"type":"library","time":"2013-12-26T21:43:25+00:00","autoload":{"psr-0":{"Parsedown":""}},"uid":114151},"0.8.1":{"name":"erusev/parsedown","description":"Parser for Markdown.","keywords":["parser","markdown"],"homepage":"http://parsedown.org","version":"0.8.1","version_normalized":"0.8.1.0","license":["MIT"],"authors":[{"name":"Emanuil Rusev","email":"hello@erusev.com","homepage":"http://erusev.com"}],"source":{"type":"git","url":"https://github.com/erusev/parsedown.git","reference":"149b687ee72b27857dd44bdd68fa5ab28fac09a6"},"dist":{"type":"zip","url":"https://api.github.com/repos/erusev/parsedown/zipball/149b687ee72b27857dd44bdd68fa5ab28fac09a6","reference":"149b687ee72b27857dd44bdd68fa5ab28fac09a6","shasum":""},"type":"library","time":"2014-01-16T23:25:41+00:00","autoload":{"psr-0":{"Parsedown":""}},"uid":121589},"0.8.2":{"name":"erusev/parsedown","description":"Parser for Markdown.","keywords":["parser","markdown"],"homepage":"http://parsedown.org","version":"0.8.2","version_normalized":"0.8.2.0","license":["MIT"],"authors":[{"name":"Emanuil Rusev","email":"hello@erusev.com","homepage":"http://erusev.com"}],"source":{"type":"git","url":"https://github.com/erusev/parsedown.git","reference":"1017f22cdde7c83c206d3735efd836455455d5de"},"dist":{"type":"zip","url":"https://api.github.com/repos/erusev/parsedown/zipball/1017f22cdde7c83c206d3735efd836455455d5de","reference":"1017f22cdde7c83c206d3735efd836455455d5de","shasum":""},"type":"library","time":"2014-01-18T14:45:39+00:00","autoload":{"psr-0":{"Parsedown":""}},"uid":122125},"0.8.3":{"name":"erusev/parsedown","description":"Parser for Markdown.","keywords":["parser","markdown"],"homepage":"http://parsedown.org","version":"0.8.3","version_normalized":"0.8.3.0","license":["MIT"],"authors":[{"name":"Emanuil Rusev","email":"hello@erusev.com","homepage":"http://erusev.com"}],"source":{"type":"git","url":"https://github.com/erusev/parsedown.git","reference":"4e83d79d76bcbcd554f02576e78744dd218b2687"},"dist":{"type":"zip","url":"https://api.github.com/repos/erusev/parsedown/zipball/4e83d79d76bcbcd554f02576e78744dd218b2687","reference":"4e83d79d76bcbcd554f02576e78744dd218b2687","shasum":""},"type":"library","time":"2014-01-20T07:26:25+00:00","autoload":{"psr-0":{"Parsedown":""}},"uid":122618},"0.9.0":{"name":"erusev/parsedown","description":"Parser for Markdown.","keywords":["parser","markdown"],"homepage":"http://parsedown.org","version":"0.9.0","version_normalized":"0.9.0.0","license":["MIT"],"authors":[{"name":"Emanuil Rusev","email":"hello@erusev.com","homepage":"http://erusev.com"}],"source":{"type":"git","url":"https://github.com/erusev/parsedown.git","reference":"f0fbdaa6ca02e7437da12cc40ff7ea1af380a4ba"},"dist":{"type":"zip","url":"https://api.github.com/repos/erusev/parsedown/zipball/f0fbdaa6ca02e7437da12cc40ff7ea1af380a4ba","reference":"f0fbdaa6ca02e7437da12cc40ff7ea1af380a4ba","shasum":""},"type":"library","time":"2014-01-22T19:28:29+00:00","autoload":{"psr-0":{"Parsedown":""}},"uid":123814},"0.9.1":{"name":"erusev/parsedown","description":"Parser for Markdown.","keywords":["parser","markdown"],"homepage":"http://parsedown.org","version":"0.9.1","version_normalized":"0.9.1.0","license":["MIT"],"authors":[{"name":"Emanuil Rusev","email":"hello@erusev.com","homepage":"http://erusev.com"}],"source":{"type":"git","url":"https://github.com/erusev/parsedown.git","reference":"f5f1706e58664b2c7bb303d602e8a0b004b99fcf"},"dist":{"type":"zip","url":"https://api.github.com/repos/erusev/parsedown/zipball/f5f1706e58664b2c7bb303d602e8a0b004b99fcf","reference":"f5f1706e58664b2c7bb303d602e8a0b004b99fcf","shasum":""},"type":"library","time":"2014-02-02T20:27:22+00:00","autoload":{"psr-0":{"Parsedown":""}},"uid":128165},"0.9.2":{"name":"erusev/parsedown","description":"Parser for Markdown.","keywords":["parser","markdown"],"homepage":"http://parsedown.org","version":"0.9.2","version_normalized":"0.9.2.0","license":["MIT"],"authors":[{"name":"Emanuil Rusev","email":"hello@erusev.com","homepage":"http://erusev.com"}],"source":{"type":"git","url":"https://github.com/erusev/parsedown.git","reference":"14ab6d46fe796ec37a82b2161235ad370602cf0a"},"dist":{"type":"zip","url":"https://api.github.com/repos/erusev/parsedown/zipball/14ab6d46fe796ec37a82b2161235ad370602cf0a","reference":"14ab6d46fe796ec37a82b2161235ad370602cf0a","shasum":""},"type":"library","time":"2014-02-05T22:10:18+00:00","autoload":{"psr-0":{"Parsedown":""}},"uid":129953},"0.9.3":{"name":"erusev/parsedown","description":"Parser for Markdown.","keywords":["parser","markdown"],"homepage":"http://parsedown.org","version":"0.9.3","version_normalized":"0.9.3.0","license":["MIT"],"authors":[{"name":"Emanuil Rusev","email":"hello@erusev.com","homepage":"http://erusev.com"}],"source":{"type":"git","url":"https://github.com/erusev/parsedown.git","reference":"95e9878fb05afe5ce3a80421ca2e0fcfe99709c6"},"dist":{"type":"zip","url":"https://api.github.com/repos/erusev/parsedown/zipball/95e9878fb05afe5ce3a80421ca2e0fcfe99709c6","reference":"95e9878fb05afe5ce3a80421ca2e0fcfe99709c6","shasum":""},"type":"library","time":"2014-02-06T00:37:09+00:00","autoload":{"psr-0":{"Parsedown":""}},"uid":129980},"0.9.4":{"name":"erusev/parsedown","description":"Parser for Markdown.","keywords":["parser","markdown"],"homepage":"http://parsedown.org","version":"0.9.4","version_normalized":"0.9.4.0","license":["MIT"],"authors":[{"name":"Emanuil Rusev","email":"hello@erusev.com","homepage":"http://erusev.com"}],"source":{"type":"git","url":"https://github.com/erusev/parsedown.git","reference":"d29ff18299210b52a75a631a70963e7c8b35b04f"},"dist":{"type":"zip","url":"https://api.github.com/repos/erusev/parsedown/zipball/d29ff18299210b52a75a631a70963e7c8b35b04f","reference":"d29ff18299210b52a75a631a70963e7c8b35b04f","shasum":""},"type":"library","time":"2014-02-06T12:16:14+00:00","autoload":{"psr-0":{"Parsedown":""}},"uid":130450},"1.0.0":{"name":"erusev/parsedown","description":"Parser for Markdown.","keywords":["parser","markdown"],"homepage":"http://parsedown.org","version":"1.0.0","version_normalized":"1.0.0.0","license":["MIT"],"authors":[{"name":"Emanuil Rusev","email":"hello@erusev.com","homepage":"http://erusev.com"}],"source":{"type":"git","url":"https://github.com/erusev/parsedown.git","reference":"2da10d277b086372f17b96df6cdc903829e1dde0"},"dist":{"type":"zip","url":"https://api.github.com/repos/erusev/parsedown/zipball/2da10d277b086372f17b96df6cdc903829e1dde0","reference":"2da10d277b086372f17b96df6cdc903829e1dde0","shasum":""},"type":"library","time":"2014-05-14T10:14:49+00:00","autoload":{"psr-0":{"Parsedown":""}},"uid":172492},"1.0.0-rc.1":{"name":"erusev/parsedown","description":"Parser for Markdown.","keywords":["parser","markdown"],"homepage":"http://parsedown.org","version":"1.0.0-rc.1","version_normalized":"1.0.0.0-RC1","license":["MIT"],"authors":[{"name":"Emanuil Rusev","email":"hello@erusev.com","homepage":"http://erusev.com"}],"source":{"type":"git","url":"https://github.com/erusev/parsedown.git","reference":"60819541858f9da6fcb77e8bd09693635553d3ef"},"dist":{"type":"zip","url":"https://api.github.com/repos/erusev/parsedown/zipball/60819541858f9da6fcb77e8bd09693635553d3ef","reference":"60819541858f9da6fcb77e8bd09693635553d3ef","shasum":""},"type":"library","time":"2014-04-17T21:19:22+00:00","autoload":{"psr-0":{"Parsedown":""}},"uid":160914},"1.0.0-rc.2":{"name":"erusev/parsedown","description":"Parser for Markdown.","keywords":["parser","markdown"],"homepage":"http://parsedown.org","version":"1.0.0-rc.2","version_normalized":"1.0.0.0-RC2","license":["MIT"],"authors":[{"name":"Emanuil Rusev","email":"hello@erusev.com","homepage":"http://erusev.com"}],"source":{"type":"git","url":"https://github.com/erusev/parsedown.git","reference":"9fa415bcc5fdffab3c639503620a04960b567038"},"dist":{"type":"zip","url":"https://api.github.com/repos/erusev/parsedown/zipball/9fa415bcc5fdffab3c639503620a04960b567038","reference":"9fa415bcc5fdffab3c639503620a04960b567038","shasum":""},"type":"library","time":"2014-04-28T18:54:38+00:00","autoload":{"psr-0":{"Parsedown":""}},"uid":165401},"1.0.0-rc.3":{"name":"erusev/parsedown","description":"Parser for Markdown.","keywords":["parser","markdown"],"homepage":"http://parsedown.org","version":"1.0.0-rc.3","version_normalized":"1.0.0.0-RC3","license":["MIT"],"authors":[{"name":"Emanuil Rusev","email":"hello@erusev.com","homepage":"http://erusev.com"}],"source":{"type":"git","url":"https://github.com/erusev/parsedown.git","reference":"2a5f99547c90c806513e866a08e4324c1a12a9d4"},"dist":{"type":"zip","url":"https://api.github.com/repos/erusev/parsedown/zipball/2a5f99547c90c806513e866a08e4324c1a12a9d4","reference":"2a5f99547c90c806513e866a08e4324c1a12a9d4","shasum":""},"type":"library","time":"2014-04-30T22:05:31+00:00","autoload":{"psr-0":{"Parsedown":""}},"uid":166497},"1.0.0-rc.4":{"name":"erusev/parsedown","description":"Parser for Markdown.","keywords":["parser","markdown"],"homepage":"http://parsedown.org","version":"1.0.0-rc.4","version_normalized":"1.0.0.0-RC4","license":["MIT"],"authors":[{"name":"Emanuil Rusev","email":"hello@erusev.com","homepage":"http://erusev.com"}],"source":{"type":"git","url":"https://github.com/erusev/parsedown.git","reference":"e8d8801db4c6e438ef3b7612249b95061936294b"},"dist":{"type":"zip","url":"https://api.github.com/repos/erusev/parsedown/zipball/e8d8801db4c6e438ef3b7612249b95061936294b","reference":"e8d8801db4c6e438ef3b7612249b95061936294b","shasum":""},"type":"library","time":"2014-04-30T23:44:35+00:00","autoload":{"psr-0":{"Parsedown":""}},"uid":166553},"1.0.0-rc.5":{"name":"erusev/parsedown","description":"Parser for Markdown.","keywords":["parser","markdown"],"homepage":"http://parsedown.org","version":"1.0.0-rc.5","version_normalized":"1.0.0.0-RC5","license":["MIT"],"authors":[{"name":"Emanuil Rusev","email":"hello@erusev.com","homepage":"http://erusev.com"}],"source":{"type":"git","url":"https://github.com/erusev/parsedown.git","reference":"2bd2f81f4f2a8abed77f31cabbb2841e728e01de"},"dist":{"type":"zip","url":"https://api.github.com/repos/erusev/parsedown/zipball/2bd2f81f4f2a8abed77f31cabbb2841e728e01de","reference":"2bd2f81f4f2a8abed77f31cabbb2841e728e01de","shasum":""},"type":"library","time":"2014-05-12T13:18:00+00:00","autoload":{"psr-0":{"Parsedown":""}},"uid":172126},"1.0.1":{"name":"erusev/parsedown","description":"Parser for Markdown.","keywords":["parser","markdown"],"homepage":"http://parsedown.org","version":"1.0.1","version_normalized":"1.0.1.0","license":["MIT"],"authors":[{"name":"Emanuil Rusev","email":"hello@erusev.com","homepage":"http://erusev.com"}],"source":{"type":"git","url":"https://github.com/erusev/parsedown.git","reference":"d24439ada0704948deef0d3eda2ea20fd8db1747"},"dist":{"type":"zip","url":"https://api.github.com/repos/erusev/parsedown/zipball/d24439ada0704948deef0d3eda2ea20fd8db1747","reference":"d24439ada0704948deef0d3eda2ea20fd8db1747","shasum":""},"type":"library","time":"2014-05-21T20:20:46+00:00","autoload":{"psr-0":{"Parsedown":""}},"uid":176821},"1.1.0":{"name":"erusev/parsedown","description":"Parser for Markdown.","keywords":["parser","markdown"],"homepage":"http://parsedown.org","version":"1.1.0","version_normalized":"1.1.0.0","license":["MIT"],"authors":[{"name":"Emanuil Rusev","email":"hello@erusev.com","homepage":"http://erusev.com"}],"source":{"type":"git","url":"https://github.com/erusev/parsedown.git","reference":"c62365adc4488e1c35a8f45ea86f7d4a22bd58a0"},"dist":{"type":"zip","url":"https://api.github.com/repos/erusev/parsedown/zipball/c62365adc4488e1c35a8f45ea86f7d4a22bd58a0","reference":"c62365adc4488e1c35a8f45ea86f7d4a22bd58a0","shasum":""},"type":"library","time":"2014-09-25T23:06:16+00:00","autoload":{"psr-0":{"Parsedown":""}},"uid":241231},"1.1.1":{"name":"erusev/parsedown","description":"Parser for Markdown.","keywords":["parser","markdown"],"homepage":"http://parsedown.org","version":"1.1.1","version_normalized":"1.1.1.0","license":["MIT"],"authors":[{"name":"Emanuil Rusev","email":"hello@erusev.com","homepage":"http://erusev.com"}],"source":{"type":"git","url":"https://github.com/erusev/parsedown.git","reference":"da5d75e97e1ed19e57bd54fa6cb595a6a0879a67"},"dist":{"type":"zip","url":"https://api.github.com/repos/erusev/parsedown/zipball/da5d75e97e1ed19e57bd54fa6cb595a6a0879a67","reference":"da5d75e97e1ed19e57bd54fa6cb595a6a0879a67","shasum":""},"type":"library","time":"2014-10-29T20:29:46+00:00","autoload":{"psr-0":{"Parsedown":""}},"uid":259684},"1.1.2":{"name":"erusev/parsedown","description":"Parser for Markdown.","keywords":["parser","markdown"],"homepage":"http://parsedown.org","version":"1.1.2","version_normalized":"1.1.2.0","license":["MIT"],"authors":[{"name":"Emanuil Rusev","email":"hello@erusev.com","homepage":"http://erusev.com"}],"source":{"type":"git","url":"https://github.com/erusev/parsedown.git","reference":"9816507a75b27b61035671cd2fc6f524a9b4c25c"},"dist":{"type":"zip","url":"https://api.github.com/repos/erusev/parsedown/zipball/9816507a75b27b61035671cd2fc6f524a9b4c25c","reference":"9816507a75b27b61035671cd2fc6f524a9b4c25c","shasum":""},"type":"library","time":"2014-11-19T18:18:56+00:00","autoload":{"psr-0":{"Parsedown":""}},"uid":273480},"1.1.3":{"name":"erusev/parsedown","description":"Parser for Markdown.","keywords":["parser","markdown"],"homepage":"http://parsedown.org","version":"1.1.3","version_normalized":"1.1.3.0","license":["MIT"],"authors":[{"name":"Emanuil Rusev","email":"hello@erusev.com","homepage":"http://erusev.com"}],"source":{"type":"git","url":"https://github.com/erusev/parsedown.git","reference":"5bc6d90f8b395cf6d777daa10b7a5eecd5fc8522"},"dist":{"type":"zip","url":"https://api.github.com/repos/erusev/parsedown/zipball/5bc6d90f8b395cf6d777daa10b7a5eecd5fc8522","reference":"5bc6d90f8b395cf6d777daa10b7a5eecd5fc8522","shasum":""},"type":"library","time":"2014-11-28T12:03:12+00:00","autoload":{"psr-0":{"Parsedown":""}},"uid":278938},"1.1.4":{"name":"erusev/parsedown","description":"Parser for Markdown.","keywords":["parser","markdown"],"homepage":"http://parsedown.org","version":"1.1.4","version_normalized":"1.1.4.0","license":["MIT"],"authors":[{"name":"Emanuil Rusev","email":"hello@erusev.com","homepage":"http://erusev.com"}],"source":{"type":"git","url":"https://github.com/erusev/parsedown.git","reference":"495e7ac73bb5fde6b857b88ff2bb1b5e79a4263a"},"dist":{"type":"zip","url":"https://api.github.com/repos/erusev/parsedown/zipball/495e7ac73bb5fde6b857b88ff2bb1b5e79a4263a","reference":"495e7ac73bb5fde6b857b88ff2bb1b5e79a4263a","shasum":""},"type":"library","time":"2014-11-29T02:29:14+00:00","autoload":{"psr-0":{"Parsedown":""}},"uid":279523},"1.2.0":{"name":"erusev/parsedown","description":"Parser for Markdown.","keywords":["parser","markdown"],"homepage":"http://parsedown.org","version":"1.2.0","version_normalized":"1.2.0.0","license":["MIT"],"authors":[{"name":"Emanuil Rusev","email":"hello@erusev.com","homepage":"http://erusev.com"}],"source":{"type":"git","url":"https://github.com/erusev/parsedown.git","reference":"098f18855283f337a7377189719430d60b16f166"},"dist":{"type":"zip","url":"https://api.github.com/repos/erusev/parsedown/zipball/098f18855283f337a7377189719430d60b16f166","reference":"098f18855283f337a7377189719430d60b16f166","shasum":""},"type":"library","time":"2015-01-10T12:53:08+00:00","autoload":{"psr-0":{"Parsedown":""}},"uid":302805},"1.3.0":{"name":"erusev/parsedown","description":"Parser for Markdown.","keywords":["parser","markdown"],"homepage":"http://parsedown.org","version":"1.3.0","version_normalized":"1.3.0.0","license":["MIT"],"authors":[{"name":"Emanuil Rusev","email":"hello@erusev.com","homepage":"http://erusev.com"}],"source":{"type":"git","url":"https://github.com/erusev/parsedown.git","reference":"3eb6d349f0bae5e73fba5e6d68d696f811feba5c"},"dist":{"type":"zip","url":"https://api.github.com/repos/erusev/parsedown/zipball/3eb6d349f0bae5e73fba5e6d68d696f811feba5c","reference":"3eb6d349f0bae5e73fba5e6d68d696f811feba5c","shasum":""},"type":"library","time":"2015-01-12T00:58:08+00:00","autoload":{"psr-0":{"Parsedown":""}},"uid":303816},"1.4.0":{"name":"erusev/parsedown","description":"Parser for Markdown.","keywords":["parser","markdown"],"homepage":"http://parsedown.org","version":"1.4.0","version_normalized":"1.4.0.0","license":["MIT"],"authors":[{"name":"Emanuil Rusev","email":"hello@erusev.com","homepage":"http://erusev.com"}],"source":{"type":"git","url":"https://github.com/erusev/parsedown.git","reference":"0d288083922576bcd55389bcf1cd8ac1db7adaa7"},"dist":{"type":"zip","url":"https://api.github.com/repos/erusev/parsedown/zipball/0d288083922576bcd55389bcf1cd8ac1db7adaa7","reference":"0d288083922576bcd55389bcf1cd8ac1db7adaa7","shasum":""},"type":"library","time":"2015-01-12T21:24:13+00:00","autoload":{"psr-0":{"Parsedown":""}},"uid":304660},"1.4.1":{"name":"erusev/parsedown","description":"Parser for Markdown.","keywords":["parser","markdown"],"homepage":"http://parsedown.org","version":"1.4.1","version_normalized":"1.4.1.0","license":["MIT"],"authors":[{"name":"Emanuil Rusev","email":"hello@erusev.com","homepage":"http://erusev.com"}],"source":{"type":"git","url":"https://github.com/erusev/parsedown.git","reference":"09e1184d9f44f120aaf5194cb2dfc6dbd5f8a3cc"},"dist":{"type":"zip","url":"https://api.github.com/repos/erusev/parsedown/zipball/09e1184d9f44f120aaf5194cb2dfc6dbd5f8a3cc","reference":"09e1184d9f44f120aaf5194cb2dfc6dbd5f8a3cc","shasum":""},"type":"library","time":"2015-01-14T22:56:12+00:00","autoload":{"psr-0":{"Parsedown":""}},"uid":306301},"1.4.2":{"name":"erusev/parsedown","description":"Parser for Markdown.","keywords":["parser","markdown"],"homepage":"http://parsedown.org","version":"1.4.2","version_normalized":"1.4.2.0","license":["MIT"],"authors":[{"name":"Emanuil Rusev","email":"hello@erusev.com","homepage":"http://erusev.com"}],"source":{"type":"git","url":"https://github.com/erusev/parsedown.git","reference":"f08d017bcb452e5a82cc2069cca705d9e6e75da0"},"dist":{"type":"zip","url":"https://api.github.com/repos/erusev/parsedown/zipball/f08d017bcb452e5a82cc2069cca705d9e6e75da0","reference":"f08d017bcb452e5a82cc2069cca705d9e6e75da0","shasum":""},"type":"library","time":"2015-01-15T00:45:45+00:00","autoload":{"psr-0":{"Parsedown":""}},"uid":306340},"1.4.3":{"name":"erusev/parsedown","description":"Parser for Markdown.","keywords":["parser","markdown"],"homepage":"http://parsedown.org","version":"1.4.3","version_normalized":"1.4.3.0","license":["MIT"],"authors":[{"name":"Emanuil Rusev","email":"hello@erusev.com","homepage":"http://erusev.com"}],"source":{"type":"git","url":"https://github.com/erusev/parsedown.git","reference":"6bee326c9201bfe87423a44d0bd9ebc4b7b64638"},"dist":{"type":"zip","url":"https://api.github.com/repos/erusev/parsedown/zipball/6bee326c9201bfe87423a44d0bd9ebc4b7b64638","reference":"6bee326c9201bfe87423a44d0bd9ebc4b7b64638","shasum":""},"type":"library","time":"2015-01-15T19:10:09+00:00","autoload":{"psr-0":{"Parsedown":""}},"uid":306886},"1.4.4":{"name":"erusev/parsedown","description":"Parser for Markdown.","keywords":["parser","markdown"],"homepage":"http://parsedown.org","version":"1.4.4","version_normalized":"1.4.4.0","license":["MIT"],"authors":[{"name":"Emanuil Rusev","email":"hello@erusev.com","homepage":"http://erusev.com"}],"source":{"type":"git","url":"https://github.com/erusev/parsedown.git","reference":"a06cdfb8148774fff886c977a3caadf72cf56604"},"dist":{"type":"zip","url":"https://api.github.com/repos/erusev/parsedown/zipball/a06cdfb8148774fff886c977a3caadf72cf56604","reference":"a06cdfb8148774fff886c977a3caadf72cf56604","shasum":""},"type":"library","time":"2015-01-15T19:32:18+00:00","autoload":{"psr-0":{"Parsedown":""}},"uid":306925},"1.4.5":{"name":"erusev/parsedown","description":"Parser for Markdown.","keywords":["parser","markdown"],"homepage":"http://parsedown.org","version":"1.4.5","version_normalized":"1.4.5.0","license":["MIT"],"authors":[{"name":"Emanuil Rusev","email":"hello@erusev.com","homepage":"http://erusev.com"}],"source":{"type":"git","url":"https://github.com/erusev/parsedown.git","reference":"ada39109e46659d9e8f0ef4539264a7582797093"},"dist":{"type":"zip","url":"https://api.github.com/repos/erusev/parsedown/zipball/ada39109e46659d9e8f0ef4539264a7582797093","reference":"ada39109e46659d9e8f0ef4539264a7582797093","shasum":""},"type":"library","time":"2015-01-15T20:04:02+00:00","autoload":{"psr-0":{"Parsedown":""}},"uid":306934},"1.5.0":{"name":"erusev/parsedown","description":"Parser for Markdown.","keywords":["parser","markdown"],"homepage":"http://parsedown.org","version":"1.5.0","version_normalized":"1.5.0.0","license":["MIT"],"authors":[{"name":"Emanuil Rusev","email":"hello@erusev.com","homepage":"http://erusev.com"}],"source":{"type":"git","url":"https://github.com/erusev/parsedown.git","reference":"6ddb6b2b335dd0c37aeceaf2d26a11384d5f9605"},"dist":{"type":"zip","url":"https://api.github.com/repos/erusev/parsedown/zipball/6ddb6b2b335dd0c37aeceaf2d26a11384d5f9605","reference":"6ddb6b2b335dd0c37aeceaf2d26a11384d5f9605","shasum":""},"type":"library","time":"2015-01-19T15:11:13+00:00","autoload":{"psr-0":{"Parsedown":""}},"uid":309650},"1.5.1":{"name":"erusev/parsedown","description":"Parser for Markdown.","keywords":["parser","markdown"],"homepage":"http://parsedown.org","version":"1.5.1","version_normalized":"1.5.1.0","license":["MIT"],"authors":[{"name":"Emanuil Rusev","email":"hello@erusev.com","homepage":"http://erusev.com"}],"source":{"type":"git","url":"https://github.com/erusev/parsedown.git","reference":"9da19c1108c39df9b42adc42e39b8371070652d0"},"dist":{"type":"zip","url":"https://api.github.com/repos/erusev/parsedown/zipball/9da19c1108c39df9b42adc42e39b8371070652d0","reference":"9da19c1108c39df9b42adc42e39b8371070652d0","shasum":""},"type":"library","time":"2015-01-24T13:01:47+00:00","autoload":{"psr-0":{"Parsedown":""}},"uid":313209},"1.5.2":{"name":"erusev/parsedown","description":"Parser for Markdown.","keywords":["parser","markdown"],"homepage":"http://parsedown.org","version":"1.5.2","version_normalized":"1.5.2.0","license":["MIT"],"authors":[{"name":"Emanuil Rusev","email":"hello@erusev.com","homepage":"http://erusev.com"}],"source":{"type":"git","url":"https://github.com/erusev/parsedown.git","reference":"468d1e3da8bde049debee7f484a4f9c4b26b41ba"},"dist":{"type":"zip","url":"https://api.github.com/repos/erusev/parsedown/zipball/468d1e3da8bde049debee7f484a4f9c4b26b41ba","reference":"468d1e3da8bde049debee7f484a4f9c4b26b41ba","shasum":""},"type":"library","time":"2015-03-18T18:44:57+00:00","autoload":{"psr-0":{"Parsedown":""}},"uid":368591},"1.5.3":{"name":"erusev/parsedown","description":"Parser for Markdown.","keywords":["parser","markdown"],"homepage":"http://parsedown.org","version":"1.5.3","version_normalized":"1.5.3.0","license":["MIT"],"authors":[{"name":"Emanuil Rusev","email":"hello@erusev.com","homepage":"http://erusev.com"}],"source":{"type":"git","url":"https://github.com/erusev/parsedown.git","reference":"b9e5228e92e5f5c17d7774cfb2de8e5e8362de1a"},"dist":{"type":"zip","url":"https://api.github.com/repos/erusev/parsedown/zipball/b9e5228e92e5f5c17d7774cfb2de8e5e8362de1a","reference":"b9e5228e92e5f5c17d7774cfb2de8e5e8362de1a","shasum":""},"type":"library","time":"2015-04-29T20:22:24+00:00","autoload":{"psr-0":{"Parsedown":""}},"uid":394243},"1.5.4":{"name":"erusev/parsedown","description":"Parser for Markdown.","keywords":["parser","markdown"],"homepage":"http://parsedown.org","version":"1.5.4","version_normalized":"1.5.4.0","license":["MIT"],"authors":[{"name":"Emanuil Rusev","email":"hello@erusev.com","homepage":"http://erusev.com"}],"source":{"type":"git","url":"https://github.com/erusev/parsedown.git","reference":"0e89e3714bda18973184d30646306bb0a482bd96"},"dist":{"type":"zip","url":"https://api.github.com/repos/erusev/parsedown/zipball/0e89e3714bda18973184d30646306bb0a482bd96","reference":"0e89e3714bda18973184d30646306bb0a482bd96","shasum":""},"type":"library","time":"2015-08-03T09:24:05+00:00","autoload":{"psr-0":{"Parsedown":""}},"uid":480446},"1.6.0":{"name":"erusev/parsedown","description":"Parser for Markdown.","keywords":["parser","markdown"],"homepage":"http://parsedown.org","version":"1.6.0","version_normalized":"1.6.0.0","license":["MIT"],"authors":[{"name":"Emanuil Rusev","email":"hello@erusev.com","homepage":"http://erusev.com"}],"source":{"type":"git","url":"https://github.com/erusev/parsedown.git","reference":"3ebbd730b5c2cf5ce78bc1bf64071407fc6674b7"},"dist":{"type":"zip","url":"https://api.github.com/repos/erusev/parsedown/zipball/3ebbd730b5c2cf5ce78bc1bf64071407fc6674b7","reference":"3ebbd730b5c2cf5ce78bc1bf64071407fc6674b7","shasum":""},"type":"library","time":"2015-10-04T16:44:32+00:00","autoload":{"psr-0":{"Parsedown":""}},"uid":540710},"1.6.1":{"name":"erusev/parsedown","description":"Parser for Markdown.","keywords":["parser","markdown"],"homepage":"http://parsedown.org","version":"1.6.1","version_normalized":"1.6.1.0","license":["MIT"],"authors":[{"name":"Emanuil Rusev","email":"hello@erusev.com","homepage":"http://erusev.com"}],"source":{"type":"git","url":"https://github.com/erusev/parsedown.git","reference":"20ff8bbb57205368b4b42d094642a3e52dac85fb"},"dist":{"type":"zip","url":"https://api.github.com/repos/erusev/parsedown/zipball/20ff8bbb57205368b4b42d094642a3e52dac85fb","reference":"20ff8bbb57205368b4b42d094642a3e52dac85fb","shasum":""},"type":"library","time":"2016-11-02T15:56:58+00:00","autoload":{"psr-0":{"Parsedown":""}},"require":{"php":">=5.3.0"},"uid":1079650},"1.6.2":{"name":"erusev/parsedown","description":"Parser for Markdown.","keywords":["parser","markdown"],"homepage":"http://parsedown.org","version":"1.6.2","version_normalized":"1.6.2.0","license":["MIT"],"authors":[{"name":"Emanuil Rusev","email":"hello@erusev.com","homepage":"http://erusev.com"}],"source":{"type":"git","url":"https://github.com/erusev/parsedown.git","reference":"1bf24f7334fe16c88bf9d467863309ceaf285b01"},"dist":{"type":"zip","url":"https://api.github.com/repos/erusev/parsedown/zipball/1bf24f7334fe16c88bf9d467863309ceaf285b01","reference":"1bf24f7334fe16c88bf9d467863309ceaf285b01","shasum":""},"type":"library","time":"2017-03-29T16:04:15+00:00","autoload":{"psr-0":{"Parsedown":""}},"require":{"php":">=5.3.0"},"uid":1315660},"1.6.3":{"name":"erusev/parsedown","description":"Parser for Markdown.","keywords":["parser","markdown"],"homepage":"http://parsedown.org","version":"1.6.3","version_normalized":"1.6.3.0","license":["MIT"],"authors":[{"name":"Emanuil Rusev","email":"hello@erusev.com","homepage":"http://erusev.com"}],"source":{"type":"git","url":"https://github.com/erusev/parsedown.git","reference":"728952b90a333b5c6f77f06ea9422b94b585878d"},"dist":{"type":"zip","url":"https://api.github.com/repos/erusev/parsedown/zipball/728952b90a333b5c6f77f06ea9422b94b585878d","reference":"728952b90a333b5c6f77f06ea9422b94b585878d","shasum":""},"type":"library","time":"2017-05-14T14:47:48+00:00","autoload":{"psr-0":{"Parsedown":""}},"require":{"php":">=5.3.0"},"uid":1484323},"1.6.4":{"name":"erusev/parsedown","description":"Parser for Markdown.","keywords":["parser","markdown"],"homepage":"http://parsedown.org","version":"1.6.4","version_normalized":"1.6.4.0","license":["MIT"],"authors":[{"name":"Emanuil Rusev","email":"hello@erusev.com","homepage":"http://erusev.com"}],"source":{"type":"git","url":"https://github.com/erusev/parsedown.git","reference":"fbe3fe878f4fe69048bb8a52783a09802004f548"},"dist":{"type":"zip","url":"https://api.github.com/repos/erusev/parsedown/zipball/fbe3fe878f4fe69048bb8a52783a09802004f548","reference":"fbe3fe878f4fe69048bb8a52783a09802004f548","shasum":""},"type":"library","time":"2017-11-14T20:44:03+00:00","autoload":{"psr-0":{"Parsedown":""}},"require":{"php":">=5.3.0"},"require-dev":{"phpunit/phpunit":"^4.8.35"},"uid":1727317},"1.7.0":{"name":"erusev/parsedown","description":"Parser for Markdown.","keywords":["parser","markdown"],"homepage":"http://parsedown.org","version":"1.7.0","version_normalized":"1.7.0.0","license":["MIT"],"authors":[{"name":"Emanuil Rusev","email":"hello@erusev.com","homepage":"http://erusev.com"}],"source":{"type":"git","url":"https://github.com/erusev/parsedown.git","reference":"6678d59be48c4be64eaca6ce70bea48a09488cc2"},"dist":{"type":"zip","url":"https://api.github.com/repos/erusev/parsedown/zipball/6678d59be48c4be64eaca6ce70bea48a09488cc2","reference":"6678d59be48c4be64eaca6ce70bea48a09488cc2","shasum":""},"type":"library","time":"2018-02-28T11:41:37+00:00","autoload":{"psr-0":{"Parsedown":""}},"require":{"php":">=5.3.0"},"require-dev":{"phpunit/phpunit":"^4.8.35"},"uid":1946947},"1.7.1":{"name":"erusev/parsedown","description":"Parser for Markdown.","keywords":["parser","markdown"],"homepage":"http://parsedown.org","version":"1.7.1","version_normalized":"1.7.1.0","license":["MIT"],"authors":[{"name":"Emanuil Rusev","email":"hello@erusev.com","homepage":"http://erusev.com"}],"source":{"type":"git","url":"https://github.com/erusev/parsedown.git","reference":"92e9c27ba0e74b8b028b111d1b6f956a15c01fc1"},"dist":{"type":"zip","url":"https://api.github.com/repos/erusev/parsedown/zipball/92e9c27ba0e74b8b028b111d1b6f956a15c01fc1","reference":"92e9c27ba0e74b8b028b111d1b6f956a15c01fc1","shasum":""},"type":"library","time":"2018-03-08T01:11:30+00:00","autoload":{"psr-0":{"Parsedown":""}},"require":{"php":">=5.3.0","ext-mbstring":"*"},"require-dev":{"phpunit/phpunit":"^4.8.35"},"uid":1970649},"1.7.3":{"name":"erusev/parsedown","description":"Parser for Markdown.","keywords":["parser","markdown"],"homepage":"http://parsedown.org","version":"1.7.3","version_normalized":"1.7.3.0","license":["MIT"],"authors":[{"name":"Emanuil Rusev","email":"hello@erusev.com","homepage":"http://erusev.com"}],"source":{"type":"git","url":"https://github.com/erusev/parsedown.git","reference":"6d893938171a817f4e9bc9e86f2da1e370b7bcd7"},"dist":{"type":"zip","url":"https://api.github.com/repos/erusev/parsedown/zipball/6d893938171a817f4e9bc9e86f2da1e370b7bcd7","reference":"6d893938171a817f4e9bc9e86f2da1e370b7bcd7","shasum":""},"type":"library","time":"2019-03-17T18:48:37+00:00","autoload":{"psr-0":{"Parsedown":""}},"require":{"php":">=5.3.0","ext-mbstring":"*"},"require-dev":{"phpunit/phpunit":"^4.8.35"},"uid":2873759},"1.7.x-dev":{"name":"erusev/parsedown","description":"Parser for Markdown.","keywords":["parser","markdown"],"homepage":"http://parsedown.org","version":"1.7.x-dev","version_normalized":"1.7.9999999.9999999-dev","license":["MIT"],"authors":[{"name":"Emanuil Rusev","email":"hello@erusev.com","homepage":"http://erusev.com"}],"source":{"type":"git","url":"https://github.com/erusev/parsedown.git","reference":"3d2b25b79d3ab33bc9a78122399769628350c646"},"dist":{"type":"zip","url":"https://api.github.com/repos/erusev/parsedown/zipball/3d2b25b79d3ab33bc9a78122399769628350c646","reference":"3d2b25b79d3ab33bc9a78122399769628350c646","shasum":""},"type":"library","time":"2019-04-10T20:49:32+00:00","autoload":{"psr-0":{"Parsedown":""}},"require":{"php":">=5.3.0","ext-mbstring":"*"},"require-dev":{"phpunit/phpunit":"^4.8.35"},"uid":2838957},"1.8.0-beta-1":{"name":"erusev/parsedown","description":"Parser for Markdown.","keywords":["parser","markdown"],"homepage":"http://parsedown.org","version":"1.8.0-beta-1","version_normalized":"1.8.0.0-beta1","license":["MIT"],"authors":[{"name":"Emanuil Rusev","email":"hello@erusev.com","homepage":"http://erusev.com"}],"source":{"type":"git","url":"https://github.com/erusev/parsedown.git","reference":"600db7e4de545f9b2915ade9e0684a07a1f00a3e"},"dist":{"type":"zip","url":"https://api.github.com/repos/erusev/parsedown/zipball/600db7e4de545f9b2915ade9e0684a07a1f00a3e","reference":"600db7e4de545f9b2915ade9e0684a07a1f00a3e","shasum":""},"type":"library","time":"2018-04-08T01:46:30+00:00","autoload":{"psr-0":{"Parsedown":""}},"require":{"php":">=5.3.0","ext-mbstring":"*"},"require-dev":{"phpunit/phpunit":"^4.8.35"},"uid":2076073},"1.8.0-beta-2":{"name":"erusev/parsedown","description":"Parser for Markdown.","keywords":["parser","markdown"],"homepage":"http://parsedown.org","version":"1.8.0-beta-2","version_normalized":"1.8.0.0-beta2","license":["MIT"],"authors":[{"name":"Emanuil Rusev","email":"hello@erusev.com","homepage":"http://erusev.com"}],"source":{"type":"git","url":"https://github.com/erusev/parsedown.git","reference":"8d172a29947851cea8cb5f785ca6a983ccbbfaba"},"dist":{"type":"zip","url":"https://api.github.com/repos/erusev/parsedown/zipball/8d172a29947851cea8cb5f785ca6a983ccbbfaba","reference":"8d172a29947851cea8cb5f785ca6a983ccbbfaba","shasum":""},"type":"library","time":"2018-05-07T10:18:21+00:00","autoload":{"psr-0":{"Parsedown":""}},"require":{"php":">=5.3.0","ext-mbstring":"*"},"require-dev":{"phpunit/phpunit":"^4.8.35"},"uid":2173348},"1.8.0-beta-3":{"name":"erusev/parsedown","description":"Parser for Markdown.","keywords":["parser","markdown"],"homepage":"http://parsedown.org","version":"1.8.0-beta-3","version_normalized":"1.8.0.0-beta3","license":["MIT"],"authors":[{"name":"Emanuil Rusev","email":"hello@erusev.com","homepage":"http://erusev.com"}],"source":{"type":"git","url":"https://github.com/erusev/parsedown.git","reference":"fd95703da589461125a4dbf3782967761e7ccc42"},"dist":{"type":"zip","url":"https://api.github.com/repos/erusev/parsedown/zipball/fd95703da589461125a4dbf3782967761e7ccc42","reference":"fd95703da589461125a4dbf3782967761e7ccc42","shasum":""},"type":"library","time":"2018-05-07T13:26:12+00:00","autoload":{"psr-0":{"Parsedown":""}},"require":{"php":">=5.3.0","ext-mbstring":"*"},"require-dev":{"phpunit/phpunit":"^4.8.35"},"uid":2173349},"1.8.0-beta-4":{"name":"erusev/parsedown","description":"Parser for Markdown.","keywords":["parser","markdown"],"homepage":"http://parsedown.org","version":"1.8.0-beta-4","version_normalized":"1.8.0.0-beta4","license":["MIT"],"authors":[{"name":"Emanuil Rusev","email":"hello@erusev.com","homepage":"http://erusev.com"}],"source":{"type":"git","url":"https://github.com/erusev/parsedown.git","reference":"1f69f7e69797104e73fdceaae22a4b4e3978f0a4"},"dist":{"type":"zip","url":"https://api.github.com/repos/erusev/parsedown/zipball/1f69f7e69797104e73fdceaae22a4b4e3978f0a4","reference":"1f69f7e69797104e73fdceaae22a4b4e3978f0a4","shasum":""},"type":"library","time":"2018-05-08T21:46:15+00:00","autoload":{"psr-0":{"Parsedown":""}},"require":{"php":">=5.3.0","ext-mbstring":"*"},"require-dev":{"phpunit/phpunit":"^4.8.35"},"uid":2178891},"1.8.0-beta-5":{"name":"erusev/parsedown","description":"Parser for Markdown.","keywords":["parser","markdown"],"homepage":"http://parsedown.org","version":"1.8.0-beta-5","version_normalized":"1.8.0.0-beta5","license":["MIT"],"authors":[{"name":"Emanuil Rusev","email":"hello@erusev.com","homepage":"http://erusev.com"}],"source":{"type":"git","url":"https://github.com/erusev/parsedown.git","reference":"c26a2ee4bf8ba0270daab7da0353f2525ca6564a"},"dist":{"type":"zip","url":"https://api.github.com/repos/erusev/parsedown/zipball/c26a2ee4bf8ba0270daab7da0353f2525ca6564a","reference":"c26a2ee4bf8ba0270daab7da0353f2525ca6564a","shasum":""},"type":"library","time":"2018-06-11T18:15:32+00:00","autoload":{"psr-0":{"Parsedown":""}},"require":{"php":">=5.3.0","ext-mbstring":"*"},"require-dev":{"phpunit/phpunit":"^4.8.35"},"uid":2255048},"1.8.0-beta-7":{"name":"erusev/parsedown","description":"Parser for Markdown.","keywords":["parser","markdown"],"homepage":"http://parsedown.org","version":"1.8.0-beta-7","version_normalized":"1.8.0.0-beta7","license":["MIT"],"authors":[{"name":"Emanuil Rusev","email":"hello@erusev.com","homepage":"http://erusev.com"}],"source":{"type":"git","url":"https://github.com/erusev/parsedown.git","reference":"fe7a50eceb4a3c867cc9fa9c0aa906b1067d1955"},"dist":{"type":"zip","url":"https://api.github.com/repos/erusev/parsedown/zipball/fe7a50eceb4a3c867cc9fa9c0aa906b1067d1955","reference":"fe7a50eceb4a3c867cc9fa9c0aa906b1067d1955","shasum":""},"type":"library","time":"2019-03-17T18:47:21+00:00","autoload":{"psr-0":{"Parsedown":""}},"require":{"php":">=5.3.0","ext-mbstring":"*"},"require-dev":{"phpunit/phpunit":"^4.8.35"},"uid":2873760},"2.0.x-dev":{"name":"erusev/parsedown","description":"Parser for Markdown.","keywords":["parser","markdown"],"homepage":"http://parsedown.org","version":"2.0.x-dev","version_normalized":"2.0.9999999.9999999-dev","license":["MIT"],"authors":[{"name":"Emanuil Rusev","email":"hello@erusev.com","homepage":"http://erusev.com"}],"source":{"type":"git","url":"https://github.com/erusev/parsedown.git","reference":"efcccb32565ecebc589e2613417c2e34760fc5da"},"dist":{"type":"zip","url":"https://api.github.com/repos/erusev/parsedown/zipball/efcccb32565ecebc589e2613417c2e34760fc5da","reference":"efcccb32565ecebc589e2613417c2e34760fc5da","shasum":""},"type":"library","time":"2019-04-10T06:02:52+00:00","autoload":{"psr-4":{"Erusev\\Parsedown\\":"src/"}},"require":{"ext-mbstring":"*","php":"^7||^5.5"},"require-dev":{"vimeo/psalm":"^3.0.11","friendsofphp/php-cs-fixer":"^2.13","infection/infection":"^0.12.0","phpunit/phpunit":"^7.4||^6.5.13||^5.7.27||^4.8.36"},"uid":2105515},"dev-1.8.x-beta":{"name":"erusev/parsedown","description":"Parser for Markdown.","keywords":["parser","markdown"],"homepage":"http://parsedown.org","version":"dev-1.8.x-beta","version_normalized":"dev-1.8.x-beta","license":["MIT"],"authors":[{"name":"Emanuil Rusev","email":"hello@erusev.com","homepage":"http://erusev.com"}],"source":{"type":"git","url":"https://github.com/erusev/parsedown.git","reference":"87b57bf3cbf0bf5024070a8a7379e6c216a44169"},"dist":{"type":"zip","url":"https://api.github.com/repos/erusev/parsedown/zipball/87b57bf3cbf0bf5024070a8a7379e6c216a44169","reference":"87b57bf3cbf0bf5024070a8a7379e6c216a44169","shasum":""},"type":"library","time":"2019-04-10T20:54:34+00:00","autoload":{"psr-0":{"Parsedown":""}},"require":{"php":">=5.3.0","ext-mbstring":"*"},"require-dev":{"phpunit/phpunit":"^4.8.35"},"uid":2838958},"dev-master":{"name":"erusev/parsedown","description":"Parser for Markdown.","keywords":["parser","markdown"],"homepage":"http://parsedown.org","version":"dev-master","version_normalized":"9999999-dev","license":["MIT"],"authors":[{"name":"Emanuil Rusev","email":"hello@erusev.com","homepage":"http://erusev.com"}],"source":{"type":"git","url":"https://github.com/erusev/parsedown.git","reference":"bfaa76d370ecfae6fac85b30c15b90cc23cce895"},"dist":{"type":"zip","url":"https://api.github.com/repos/erusev/parsedown/zipball/bfaa76d370ecfae6fac85b30c15b90cc23cce895","reference":"bfaa76d370ecfae6fac85b30c15b90cc23cce895","shasum":""},"type":"library","time":"2019-04-07T15:36:22+00:00","autoload":{"psr-0":{"Parsedown":""}},"require":{"php":">=5.3.0","ext-mbstring":"*"},"require-dev":{"phpunit/phpunit":"^4.8.35"},"uid":68167},"dev-test/shepherd-psalm":{"name":"erusev/parsedown","description":"Parser for Markdown.","keywords":["parser","markdown"],"homepage":"http://parsedown.org","version":"dev-test/shepherd-psalm","version_normalized":"dev-test/shepherd-psalm","license":["MIT"],"authors":[{"name":"Emanuil Rusev","email":"hello@erusev.com","homepage":"http://erusev.com"}],"source":{"type":"git","url":"https://github.com/erusev/parsedown.git","reference":"488ecc037736c9bbc7c1844e3547abfb0b28212a"},"dist":{"type":"zip","url":"https://api.github.com/repos/erusev/parsedown/zipball/488ecc037736c9bbc7c1844e3547abfb0b28212a","reference":"488ecc037736c9bbc7c1844e3547abfb0b28212a","shasum":""},"type":"library","time":"2019-04-12T18:30:44+00:00","autoload":{"psr-4":{"Erusev\\Parsedown\\":"src/"}},"require":{"php":"^7||^5.5","ext-mbstring":"*"},"require-dev":{"phpunit/phpunit":"^7.4||^6.5.13||^5.7.27||^4.8.36","vimeo/psalm":"^3.2.7","friendsofphp/php-cs-fixer":"^2.13","infection/infection":"^0.12.0"},"uid":2895466},"v1.7.2":{"name":"erusev/parsedown","description":"Parser for Markdown.","keywords":["parser","markdown"],"homepage":"http://parsedown.org","version":"v1.7.2","version_normalized":"1.7.2.0","license":["MIT"],"authors":[{"name":"Emanuil Rusev","email":"hello@erusev.com","homepage":"http://erusev.com"}],"source":{"type":"git","url":"https://github.com/erusev/parsedown.git","reference":"d60bcdc46978357759ecb13cb4b078da783f8faf"},"dist":{"type":"zip","url":"https://api.github.com/repos/erusev/parsedown/zipball/d60bcdc46978357759ecb13cb4b078da783f8faf","reference":"d60bcdc46978357759ecb13cb4b078da783f8faf","shasum":""},"type":"library","time":"2019-03-17T17:19:46+00:00","autoload":{"psr-0":{"Parsedown":""}},"require":{"php":">=5.3.0","ext-mbstring":"*"},"require-dev":{"phpunit/phpunit":"^4.8.35"},"uid":2838976},"v1.8.0-beta-6":{"name":"erusev/parsedown","description":"Parser for Markdown.","keywords":["parser","markdown"],"homepage":"http://parsedown.org","version":"v1.8.0-beta-6","version_normalized":"1.8.0.0-beta6","license":["MIT"],"authors":[{"name":"Emanuil Rusev","email":"hello@erusev.com","homepage":"http://erusev.com"}],"source":{"type":"git","url":"https://github.com/erusev/parsedown.git","reference":"7d4c06cb520cca6d0c5a381eaa15bb5576593682"},"dist":{"type":"zip","url":"https://api.github.com/repos/erusev/parsedown/zipball/7d4c06cb520cca6d0c5a381eaa15bb5576593682","reference":"7d4c06cb520cca6d0c5a381eaa15bb5576593682","shasum":""},"type":"library","time":"2019-03-17T17:19:07+00:00","autoload":{"psr-0":{"Parsedown":""}},"require":{"php":">=5.3.0","ext-mbstring":"*"},"require-dev":{"phpunit/phpunit":"^4.8.35"},"uid":2838977}}}}